arabiensis	barcode01	3762	arabiensis/barcode01.fastq
arabiensis	barcode02	17664	arabiensis/barcode02.fastq
arabiensis	barcode03	9345	arabiensis/barcode03.fastq
arabiensis	barcode04	6007	arabiensis/barcode04.fastq
arabiensis	barcode05	132895	arabiensis/barcode05.fastq
arabiensis	barcode06	1	arabiensis/barcode06.fastq
arabiensis	barcode07	73008	arabiensis/barcode07.fastq
arabiensis	barcode08	5798	arabiensis/barcode08.fastq
arabiensis	barcode09	21559	arabiensis/barcode09.fastq
arabiensis	barcode10	73008	arabiensis/barcode10.fastq
arabiensis	barcode11	76272	arabiensis/barcode11.fastq
arabiensis	barcode12	11663	arabiensis/barcode12.fastq
arabiensis	barcode13	71864	arabiensis/barcode13.fastq
arabiensis	barcode14	115635	arabiensis/barcode14.fastq
arabiensis	barcode15	9998	arabiensis/barcode15.fastq
arabiensis	barcode16	76146	arabiensis/barcode16.fastq
arabiensis	barcode17	141705	arabiensis/barcode17.fastq
arabiensis	barcode18	16158	arabiensis/barcode18.fastq
arabiensis	barcode19	11593	arabiensis/barcode19.fastq
arabiensis	barcode20	20982	arabiensis/barcode20.fastq
arabiensis	barcode21	53153	arabiensis/barcode21.fastq
arabiensis	barcode22	9473	arabiensis/barcode22.fastq
arabiensis	barcode23	11180	arabiensis/barcode23.fastq
arabiensis	barcode24	23403	arabiensis/barcode24.fastq
arabiensis	barcode25	14208	arabiensis/barcode25.fastq
arabiensis	barcode26	180930	arabiensis/barcode26.fastq
arabiensis	barcode27	150817	arabiensis/barcode27.fastq
arabiensis	barcode28	90655	arabiensis/barcode28.fastq
arabiensis	barcode29	946	arabiensis/barcode29.fastq
arabiensis	barcode30	75398	arabiensis/barcode30.fastq
arabiensis	barcode31	31255	arabiensis/barcode31.fastq
arabiensis	barcode32	2694	arabiensis/barcode32.fastq
arabiensis	barcode33	12169	arabiensis/barcode33.fastq
arabiensis	barcode34	28886	arabiensis/barcode34.fastq
arabiensis	barcode35	66446	arabiensis/barcode35.fastq
arabiensis	barcode36	8931	arabiensis/barcode36.fastq
arabiensis	barcode37	42973	arabiensis/barcode37.fastq
arabiensis	barcode38	8597	arabiensis/barcode38.fastq
arabiensis	barcode39	5287	arabiensis/barcode39.fastq
arabiensis	barcode40	1469	arabiensis/barcode40.fastq
arabiensis	barcode41	9983	arabiensis/barcode41.fastq
arabiensis	barcode42	27696	arabiensis/barcode42.fastq
arabiensis	barcode43	244333	arabiensis/barcode43.fastq
arabiensis	barcode44	2352	arabiensis/barcode44.fastq
arabiensis	barcode45	16458	arabiensis/barcode45.fastq
arabiensis	barcode46	14165	arabiensis/barcode46.fastq
arabiensis	barcode47	1469	arabiensis/barcode47.fastq
arabiensis	barcode48	17082	arabiensis/barcode48.fastq
arabiensis	barcode49	2522	arabiensis/barcode49.fastq
arabiensis	barcode50	84676	arabiensis/barcode50.fastq
arabiensis	barcode51	226866	arabiensis/barcode51.fastq
arabiensis	barcode52	11282	arabiensis/barcode52.fastq
arabiensis	barcode53	1443	arabiensis/barcode53.fastq
arabiensis	barcode54	5656	arabiensis/barcode54.fastq
arabiensis	barcode55	65482	arabiensis/barcode55.fastq
arabiensis	barcode56	5656	arabiensis/barcode56.fastq
arabiensis	barcode57	185364	arabiensis/barcode57.fastq
arabiensis	barcode58	117800	arabiensis/barcode58.fastq
arabiensis	barcode59	137324	arabiensis/barcode59.fastq
arabiensis	barcode60	16848	arabiensis/barcode60.fastq
arabiensis	barcode61	14123	arabiensis/barcode61.fastq
arabiensis	barcode62	1143	arabiensis/barcode62.fastq
arabiensis	barcode63	681094	arabiensis/barcode63.fastq
arabiensis	barcode64	185364	arabiensis/barcode64.fastq
arabiensis	barcode65	353	arabiensis/barcode65.fastq
arabiensis	barcode66	41358	arabiensis/barcode66.fastq
arabiensis	barcode67	4849	arabiensis/barcode67.fastq
arabiensis	barcode68	492	arabiensis/barcode68.fastq
arabiensis	barcode69	38904	arabiensis/barcode69.fastq
arabiensis	barcode70	108434	arabiensis/barcode70.fastq
arabiensis	barcode71	905	arabiensis/barcode71.fastq
arabiensis	barcode72	113734	arabiensis/barcode72.fastq
arabiensis	barcode73	6974	arabiensis/barcode73.fastq
arabiensis	barcode74	300	arabiensis/barcode74.fastq
arabiensis	barcode75	41358	arabiensis/barcode75.fastq
arabiensis	barcode76	41258	arabiensis/barcode76.fastq
arabiensis	barcode77	422	arabiensis/barcode77.fastq
arabiensis	barcode78	11067	arabiensis/barcode78.fastq
arabiensis	barcode79	7189	arabiensis/barcode79.fastq
arabiensis	barcode80	71854	arabiensis/barcode80.fastq
gambiae	barcode01	9345	gam_final/barcode01.fastq
gambiae	barcode02	6007	gam_final/barcode02.fastq
gambiae	barcode03	628276	gam_final/barcode03.fastq
gambiae	barcode04	378280	gam_final/barcode04.fastq
gambiae	barcode05	18046	gam_final/barcode05.fastq
gambiae	barcode06	17664	gam_final/barcode06.fastq
gambiae	barcode07	32746	gam_final/barcode07.fastq
gambiae	barcode08	38726	gam_final/barcode08.fastq
gambiae	barcode09	11663	gam_final/barcode09.fastq
gambiae	barcode10	141705	gam_final/barcode10.fastq
gambiae	barcode11	9998	gam_final/barcode11.fastq
gambiae	barcode12	26620	gam_final/barcode12.fastq
gambiae	barcode13	25766	gam_final/barcode13.fastq
gambiae	barcode14	16158	gam_final/barcode14.fastq
gambiae	barcode15	11593	gam_final/barcode15.fastq
gambiae	barcode16	20982	gam_final/barcode16.fastq
gambiae	barcode17	9473	gam_final/barcode17.fastq
gambiae	barcode18	19622	gam_final/barcode18.fastq
gambiae	barcode19	11180	gam_final/barcode19.fastq
gambiae	barcode20	38872	gam_final/barcode20.fastq
gambiae	barcode21	173168	gam_final/barcode21.fastq
gambiae	barcode22	14976	gam_final/barcode22.fastq
gambiae	barcode23	167313	gam_final/barcode23.fastq
gambiae	barcode24	21567	gam_final/barcode24.fastq
gambiae	barcode25	23403	gam_final/barcode25.fastq
gambiae	barcode26	126732	gam_final/barcode26.fastq
gambiae	barcode27	12414	gam_final/barcode27.fastq
gambiae	barcode28	19327	gam_final/barcode28.fastq
gambiae	barcode29	20126	gam_final/barcode29.fastq
gambiae	barcode30	152774	gam_final/barcode30.fastq
gambiae	barcode31	19330	gam_final/barcode31.fastq
gambiae	barcode32	38904	gam_final/barcode32.fastq
gambiae	barcode33	150817	gam_final/barcode33.fastq
gambiae	barcode34	20684	gam_final/barcode34.fastq
gambiae	barcode35	8618	gam_final/barcode35.fastq
gambiae	barcode36	10104	gam_final/barcode36.fastq
gambiae	barcode37	41872	gam_final/barcode37.fastq
gambiae	barcode38	28886	gam_final/barcode38.fastq
gambiae	barcode39	91596	gam_final/barcode39.fastq
gambiae	barcode40	71864	gam_final/barcode40.fastq
gambiae	barcode41	55416	gam_final/barcode41.fastq
gambiae	barcode42	21399	gam_final/barcode42.fastq
gambiae	barcode43	99788	gam_final/barcode43.fastq
gambiae	barcode44	51773	gam_final/barcode44.fastq
gambiae	barcode45	44623	gam_final/barcode45.fastq
gambiae	barcode46	68704	gam_final/barcode46.fastq
gambiae	barcode47	85498	gam_final/barcode47.fastq
gambiae	barcode48	92844	gam_final/barcode48.fastq
gambiae	barcode49	180930	gam_final/barcode49.fastq
gambiae	barcode50	301006	gam_final/barcode50.fastq
gambiae	barcode51	90655	gam_final/barcode51.fastq
gambiae	barcode52	75398	gam_final/barcode52.fastq
gambiae	barcode53	31255	gam_final/barcode53.fastq
gambiae	barcode54	41111	gam_final/barcode54.fastq
gambiae	barcode55	147856	gam_final/barcode55.fastq
gambiae	barcode56	142856	gam_final/barcode56.fastq
gambiae	barcode57	42973	gam_final/barcode57.fastq
gambiae	barcode58	22415	gam_final/barcode58.fastq
gambiae	barcode59	16631	gam_final/barcode59.fastq
gambiae	barcode60	107173	gam_final/barcode60.fastq
gambiae	barcode61	244333	gam_final/barcode61.fastq
gambiae	barcode62	78527	gam_final/barcode62.fastq
gambiae	barcode63	100687	gam_final/barcode63.fastq
gambiae	barcode64	82897	gam_final/barcode64.fastq
gambiae	barcode65	84676	gam_final/barcode65.fastq
gambiae	barcode66	51077	gam_final/barcode66.fastq
gambiae	barcode67	65393	gam_final/barcode67.fastq
gambiae	barcode68	65482	gam_final/barcode68.fastq
gambiae	barcode69	215741	gam_final/barcode69.fastq
gambiae	barcode70	61713	gam_final/barcode70.fastq
gambiae	barcode71	51261	gam_final/barcode71.fastq
gambiae	barcode72	104651	gam_final/barcode72.fastq
gambiae	barcode73	185364	gam_final/barcode73.fastq
gambiae	barcode74	101063	gam_final/barcode74.fastq
gambiae	barcode75	92167	gam_final/barcode75.fastq
gambiae	barcode76	108434	gam_final/barcode76.fastq
gambiae	barcode77	16848	gam_final/barcode77.fastq
gambiae	barcode78	41358	gam_final/barcode78.fastq
gambiae	barcode79	48447	gam_final/barcode79.fastq
gambiae	barcode80	139537	gam_final/barcode80.fastq
coustani	barcode01	2774	coustani_combined/combined.barcode01.fastq
coustani	barcode02	107524	coustani_combined/combined.barcode02.fastq
coustani	barcode03	81625	coustani_combined/combined.barcode03.fastq
coustani	barcode04	115635	coustani_combined/combined.barcode04.fastq
coustani	barcode05	25219	coustani_combined/combined.barcode05.fastq
coustani	barcode06	45009	coustani_combined/combined.barcode06.fastq
coustani	barcode07	43403	coustani_combined/combined.barcode07.fastq
coustani	barcode08	2710	coustani_combined/combined.barcode08.fastq
coustani	barcode09	64537	coustani_combined/combined.barcode09.fastq
coustani	barcode10	23427	coustani_combined/combined.barcode10.fastq
coustani	barcode11	44223	coustani_combined/combined.barcode11.fastq
coustani	barcode12	7840	coustani_combined/combined.barcode12.fastq
coustani	barcode13	3459	coustani_combined/combined.barcode13.fastq
coustani	barcode14	80673	coustani_combined/combined.barcode14.fastq
coustani	barcode15	12636	coustani_combined/combined.barcode15.fastq
coustani	barcode16	65085	coustani_combined/combined.barcode16.fastq
coustani	barcode17	2640	coustani_combined/combined.barcode17.fastq
coustani	barcode18	5453	coustani_combined/combined.barcode18.fastq
coustani	barcode19	12282	coustani_combined/combined.barcode19.fastq
coustani	barcode20	5441	coustani_combined/combined.barcode20.fastq
coustani	barcode21	31462	coustani_combined/combined.barcode21.fastq
coustani	barcode22	3756	coustani_combined/combined.barcode22.fastq
coustani	barcode23	12999	coustani_combined/combined.barcode23.fastq
coustani	barcode24	3417	coustani_combined/combined.barcode24.fastq
coustani	barcode25	24428	coustani_combined/combined.barcode25.fastq
coustani	barcode26	100255	coustani_combined/combined.barcode26.fastq
coustani	barcode27	92436	coustani_combined/combined.barcode27.fastq
coustani	barcode28	33725	coustani_combined/combined.barcode28.fastq
coustani	barcode29	3954	coustani_combined/combined.barcode29.fastq
coustani	barcode30	2815	coustani_combined/combined.barcode30.fastq
coustani	barcode31	5153	coustani_combined/combined.barcode31.fastq
coustani	barcode32	8078	coustani_combined/combined.barcode32.fastq
coustani	barcode33	20982	coustani_combined/combined.barcode33.fastq
coustani	barcode34	15553	coustani_combined/combined.barcode34.fastq
coustani	barcode35	3602	coustani_combined/combined.barcode35.fastq
coustani	barcode36	22989	coustani_combined/combined.barcode36.fastq
coustani	barcode37	21162	coustani_combined/combined.barcode37.fastq
coustani	barcode38	5662	coustani_combined/combined.barcode38.fastq
coustani	barcode39	3555	coustani_combined/combined.barcode39.fastq
coustani	barcode40	20570	coustani_combined/combined.barcode40.fastq
coustani	barcode41	3530	coustani_combined/combined.barcode41.fastq
coustani	barcode42	9639	coustani_combined/combined.barcode42.fastq
coustani	barcode43	32336	coustani_combined/combined.barcode43.fastq
coustani	barcode44	15922	coustani_combined/combined.barcode44.fastq
coustani	barcode45	40214	coustani_combined/combined.barcode45.fastq
coustani	barcode46	52136	coustani_combined/combined.barcode46.fastq
coustani	barcode47	10085	coustani_combined/combined.barcode47.fastq
coustani	barcode48	62579	coustani_combined/combined.barcode48.fastq
coustani	barcode49	24974	coustani_combined/combined.barcode49.fastq
coustani	barcode50	3246	coustani_combined/combined.barcode50.fastq
coustani	barcode51	13220	coustani_combined/combined.barcode51.fastq
coustani	barcode52	25154	coustani_combined/combined.barcode52.fastq
coustani	barcode53	45453	coustani_combined/combined.barcode53.fastq
coustani	barcode54	45123	coustani_combined/combined.barcode54.fastq
coustani	barcode55	46145	coustani_combined/combined.barcode55.fastq
coustani	barcode56	73008	coustani_combined/combined.barcode56.fastq
coustani	barcode57	10740	coustani_combined/combined.barcode57.fastq
coustani	barcode58	197805	coustani_combined/combined.barcode58.fastq
coustani	barcode59	20187	coustani_combined/combined.barcode59.fastq
coustani	barcode60	4040	coustani_combined/combined.barcode60.fastq
coustani	barcode61	33653	coustani_combined/combined.barcode61.fastq
coustani	barcode62	3728	coustani_combined/combined.barcode62.fastq
coustani	barcode63	3752	coustani_combined/combined.barcode63.fastq
coustani	barcode64	2551	coustani_combined/combined.barcode64.fastq
coustani	barcode65	41872	coustani_combined/combined.barcode65.fastq
coustani	barcode66	28886	coustani_combined/combined.barcode66.fastq
coustani	barcode67	4283	coustani_combined/combined.barcode67.fastq
coustani	barcode68	28252	coustani_combined/combined.barcode68.fastq
coustani	barcode69	1373	coustani_combined/combined.barcode69.fastq
coustani	barcode70	40394	coustani_combined/combined.barcode70.fastq
coustani	barcode71	3427	coustani_combined/combined.barcode71.fastq
coustani	barcode72	21559	coustani_combined/combined.barcode72.fastq
coustani	barcode73	2464	coustani_combined/combined.barcode73.fastq
coustani	barcode74	41258	coustani_combined/combined.barcode74.fastq
coustani	barcode75	5917	coustani_combined/combined.barcode75.fastq
coustani	barcode76	62338	coustani_combined/combined.barcode76.fastq
coustani	barcode77	2401	coustani_combined/combined.barcode77.fastq
coustani	barcode78	109278	coustani_combined/combined.barcode78.fastq
coustani	barcode79	68901	coustani_combined/combined.barcode79.fastq
coustani	barcode80	3005	coustani_combined/combined.barcode80.fastq
stephensi	barcode01	22094	steph_combined/combined.barcode01
stephensi	barcode02	8385	steph_combined/combined.barcode02
stephensi	barcode03	33721	steph_combined/combined.barcode03
stephensi	barcode04	34068	steph_combined/combined.barcode04
stephensi	barcode05	24678	steph_combined/combined.barcode05
stephensi	barcode06	75771	steph_combined/combined.barcode06
stephensi	barcode07	38209	steph_combined/combined.barcode07
stephensi	barcode08	13253	steph_combined/combined.barcode08
stephensi	barcode09	45617	steph_combined/combined.barcode09
stephensi	barcode10	42508	steph_combined/combined.barcode10
stephensi	barcode11	44990	steph_combined/combined.barcode11
stephensi	barcode12	54052	steph_combined/combined.barcode12
stephensi	barcode13	451	steph_combined/combined.barcode13
stephensi	barcode14	5397	steph_combined/combined.barcode14
stephensi	barcode15	401	steph_combined/combined.barcode15
stephensi	barcode17	33490	steph_combined/combined.barcode17
stephensi	barcode18	34245	steph_combined/combined.barcode18
stephensi	barcode19	33130	steph_combined/combined.barcode19
stephensi	barcode20	33792	steph_combined/combined.barcode20
stephensi	barcode21	27337	steph_combined/combined.barcode21
stephensi	barcode22	42072	steph_combined/combined.barcode22
stephensi	barcode23	46392	steph_combined/combined.barcode23
stephensi	barcode24	20088	steph_combined/combined.barcode24
stephensi	barcode25	29591	steph_combined/combined.barcode25
stephensi	barcode26	35969	steph_combined/combined.barcode26
stephensi	barcode27	33517	steph_combined/combined.barcode27
stephensi	barcode28	32353	steph_combined/combined.barcode28
stephensi	barcode29	27860	steph_combined/combined.barcode29
stephensi	barcode30	44166	steph_combined/combined.barcode30
stephensi	barcode31	34224	steph_combined/combined.barcode31
stephensi	barcode32	50899	steph_combined/combined.barcode32
stephensi	barcode33	25395	steph_combined/combined.barcode33
stephensi	barcode34	16104	steph_combined/combined.barcode34
stephensi	barcode35	51523	steph_combined/combined.barcode35
stephensi	barcode36	77963	steph_combined/combined.barcode36
stephensi	barcode37	29120	steph_combined/combined.barcode37
stephensi	barcode38	93466	steph_combined/combined.barcode38
stephensi	barcode39	22671	steph_combined/combined.barcode39
stephensi	barcode40	29916	steph_combined/combined.barcode40
stephensi	barcode41	27924	steph_combined/combined.barcode41
stephensi	barcode42	20833	steph_combined/combined.barcode42
stephensi	barcode43	30554	steph_combined/combined.barcode43
stephensi	barcode44	31017	steph_combined/combined.barcode44
stephensi	barcode45	51582	steph_combined/combined.barcode45
stephensi	barcode46	50244	steph_combined/combined.barcode46
stephensi	barcode47	33929	steph_combined/combined.barcode47
stephensi	barcode48	35584	steph_combined/combined.barcode48
stephensi	barcode49	49203	steph_combined/combined.barcode49
stephensi	barcode50	33193	steph_combined/combined.barcode50
stephensi	barcode51	34298	steph_combined/combined.barcode51
stephensi	barcode52	47519	steph_combined/combined.barcode52
stephensi	barcode53	59400	steph_combined/combined.barcode53
stephensi	barcode54	48862	steph_combined/combined.barcode54
stephensi	barcode55	40519	steph_combined/combined.barcode55
stephensi	barcode56	53430	steph_combined/combined.barcode56
stephensi	barcode57	17116	steph_combined/combined.barcode57
stephensi	barcode58	47038	steph_combined/combined.barcode58
stephensi	barcode59	49329	steph_combined/combined.barcode59
stephensi	barcode60	27955	steph_combined/combined.barcode60
stephensi	barcode61	50218	steph_combined/combined.barcode61
stephensi	barcode62	63595	steph_combined/combined.barcode62
stephensi	barcode63	64044	steph_combined/combined.barcode63
stephensi	barcode64	35300	steph_combined/combined.barcode64
stephensi	barcode65	39249	steph_combined/combined.barcode65
stephensi	barcode66	31539	steph_combined/combined.barcode66
stephensi	barcode67	34205	steph_combined/combined.barcode67
stephensi	barcode68	46508	steph_combined/combined.barcode68
stephensi	barcode69	5468	steph_combined/combined.barcode69
stephensi	barcode70	39610	steph_combined/combined.barcode70
stephensi	barcode71	48926	steph_combined/combined.barcode71
stephensi	barcode72	49226	steph_combined/combined.barcode72
stephensi	barcode73	32832	steph_combined/combined.barcode73
stephensi	barcode74	808	steph_combined/combined.barcode74
stephensi	barcode75	33682	steph_combined/combined.barcode75
stephensi	barcode76	47705	steph_combined/combined.barcode76
stephensi	barcode77	9654	steph_combined/combined.barcode77
stephensi	barcode78	69930	steph_combined/combined.barcode78
stephensi	barcode79	29058	steph_combined/combined.barcode79
stephensi	barcode80	528	steph_combined/combined.barcode80
funestus	barcode01	52136	fun_final/barcode01.fastq
funestus	barcode02	33653	fun_final/barcode02.fastq
funestus	barcode03	12636	fun_final/barcode03.fastq
funestus	barcode04	12636	fun_final/barcode04.fastq
funestus	barcode05	5798	fun_final/barcode05.fastq
funestus	barcode06	5798	fun_final/barcode06.fastq
funestus	barcode07	12282	fun_final/barcode07.fastq
funestus	barcode08	12282	fun_final/barcode08.fastq
funestus	barcode09	10392	fun_final/barcode09.fastq
funestus	barcode10	10392	fun_final/barcode10.fastq
funestus	barcode11	4310	fun_final/barcode11.fastq
funestus	barcode12	4310	fun_final/barcode12.fastq
funestus	barcode13	22989	fun_final/barcode13.fastq
funestus	barcode14	22989	fun_final/barcode14.fastq
funestus	barcode15	15922	fun_final/barcode15.fastq
funestus	barcode16	15922	fun_final/barcode16.fastq
funestus	barcode17	8246	fun_final/barcode17.fastq
funestus	barcode18	8246	fun_final/barcode18.fastq
funestus	barcode19	15097	fun_final/barcode19.fastq
funestus	barcode20	15097	fun_final/barcode20.fastq
funestus	barcode21	8107	fun_final/barcode21.fastq
funestus	barcode22	24974	fun_final/barcode22.fastq
funestus	barcode23	24974	fun_final/barcode23.fastq
funestus	barcode24	18109	fun_final/barcode24.fastq
funestus	barcode25	8689	fun_final/barcode25.fastq
funestus	barcode26	13220	fun_final/barcode26.fastq
funestus	barcode27	13220	fun_final/barcode27.fastq
funestus	barcode28	6535	fun_final/barcode28.fastq
funestus	barcode29	121164	fun_final/barcode29.fastq
funestus	barcode30	13723	fun_final/barcode30.fastq
funestus	barcode31	7079	fun_final/barcode31.fastq
funestus	barcode32	7079	fun_final/barcode32.fastq
funestus	barcode33	46145	fun_final/barcode33.fastq
funestus	barcode34	46145	fun_final/barcode34.fastq
funestus	barcode35	19852	fun_final/barcode35.fastq
funestus	barcode36	9544	fun_final/barcode36.fastq
funestus	barcode37	22279	fun_final/barcode37.fastq
funestus	barcode38	9582	fun_final/barcode38.fastq
funestus	barcode39	3023	fun_final/barcode39.fastq
funestus	barcode40	15054	fun_final/barcode40.fastq
funestus	barcode41	1469	fun_final/barcode41.fastq
funestus	barcode42	1469	fun_final/barcode42.fastq
funestus	barcode43	5377	fun_final/barcode43.fastq
funestus	barcode44	11977	fun_final/barcode44.fastq
funestus	barcode45	38904	fun_final/barcode45.fastq
funestus	barcode46	7170	fun_final/barcode46.fastq
funestus	barcode47	2522	fun_final/barcode47.fastq
funestus	barcode48	2886	fun_final/barcode48.fastq
funestus	barcode49	514	fun_final/barcode49.fastq
funestus	barcode50	11282	fun_final/barcode50.fastq
funestus	barcode51	21559	fun_final/barcode51.fastq
funestus	barcode52	18239	fun_final/barcode52.fastq
funestus	barcode53	109278	fun_final/barcode53.fastq
funestus	barcode54	109278	fun_final/barcode54.fastq
funestus	barcode55	107524	fun_final/barcode55.fastq
funestus	barcode56	81625	fun_final/barcode56.fastq
funestus	barcode57	115635	fun_final/barcode57.fastq
funestus	barcode58	85482	fun_final/barcode58.fastq
funestus	barcode59	84772	fun_final/barcode59.fastq
funestus	barcode60	12193	fun_final/barcode60.fastq
funestus	barcode61	12636	fun_final/barcode61.fastq
funestus	barcode62	43780	fun_final/barcode62.fastq
funestus	barcode63	62336	fun_final/barcode63.fastq
funestus	barcode64	12282	fun_final/barcode64.fastq
funestus	barcode65	117800	fun_final/barcode65.fastq
funestus	barcode66	41885	fun_final/barcode66.fastq
funestus	barcode67	22989	fun_final/barcode67.fastq
funestus	barcode68	15922	fun_final/barcode68.fastq
funestus	barcode69	88117	fun_final/barcode69.fastq
funestus	barcode70	185720	fun_final/barcode70.fastq
funestus	barcode71	24974	fun_final/barcode71.fastq
funestus	barcode72	13220	fun_final/barcode72.fastq
funestus	barcode73	76272	fun_final/barcode73.fastq
funestus	barcode74	46145	fun_final/barcode74.fastq
funestus	barcode75	73008	fun_final/barcode75.fastq
funestus	barcode76	33653	fun_final/barcode76.fastq
funestus	barcode77	58379	fun_final/barcode77.fastq
funestus	barcode78	28697	fun_final/barcode78.fastq
funestus	barcode79	21559	fun_final/barcode79.fastq
funestus	barcode80	109278	fun_final/barcode80.fastq
coluzzii	barcode01	17664	colu_final/barcode01.fastq
coluzzii	barcode02	102131	colu_final/barcode02.fastq
coluzzii	barcode03	13676	colu_final/barcode03.fastq
coluzzii	barcode04	299603	colu_final/barcode04.fastq
coluzzii	barcode05	73008	colu_final/barcode05.fastq
coluzzii	barcode06	73008	colu_final/barcode06.fastq
coluzzii	barcode07	71854	colu_final/barcode07.fastq
coluzzii	barcode08	91596	colu_final/barcode08.fastq
coluzzii	barcode09	71864	colu_final/barcode09.fastq
coluzzii	barcode10	115635	colu_final/barcode10.fastq
coluzzii	barcode11	76146	colu_final/barcode11.fastq
coluzzii	barcode12	21399	colu_final/barcode12.fastq
coluzzii	barcode13	99788	colu_final/barcode13.fastq
coluzzii	barcode14	53153	colu_final/barcode14.fastq
coluzzii	barcode15	51773	colu_final/barcode15.fastq
coluzzii	barcode16	44623	colu_final/barcode16.fastq
coluzzii	barcode17	181808	colu_final/barcode17.fastq
coluzzii	barcode18	68704	colu_final/barcode18.fastq
coluzzii	barcode19	85498	colu_final/barcode19.fastq
coluzzii	barcode20	92844	colu_final/barcode20.fastq
coluzzii	barcode21	2342	colu_final/barcode21.fastq
coluzzii	barcode22	31462	colu_final/barcode22.fastq
coluzzii	barcode23	180930	colu_final/barcode23.fastq
coluzzii	barcode24	301006	colu_final/barcode24.fastq
coluzzii	barcode25	90655	colu_final/barcode25.fastq
coluzzii	barcode26	946	colu_final/barcode26.fastq
coluzzii	barcode27	75398	colu_final/barcode27.fastq
coluzzii	barcode28	31255	colu_final/barcode28.fastq
coluzzii	barcode29	41111	colu_final/barcode29.fastq
coluzzii	barcode30	3545	colu_final/barcode30.fastq
coluzzii	barcode31	147856	colu_final/barcode31.fastq
coluzzii	barcode32	142856	colu_final/barcode32.fastq
coluzzii	barcode33	66446	colu_final/barcode33.fastq
coluzzii	barcode34	42973	colu_final/barcode34.fastq
coluzzii	barcode35	22415	colu_final/barcode35.fastq
coluzzii	barcode36	16631	colu_final/barcode36.fastq
coluzzii	barcode37	11490	colu_final/barcode37.fastq
coluzzii	barcode38	107173	colu_final/barcode38.fastq
coluzzii	barcode39	1570	colu_final/barcode39.fastq
coluzzii	barcode40	244333	colu_final/barcode40.fastq
coluzzii	barcode41	73417	colu_final/barcode41.fastq
coluzzii	barcode42	78527	colu_final/barcode42.fastq
coluzzii	barcode43	2512	colu_final/barcode43.fastq
coluzzii	barcode44	14165	colu_final/barcode44.fastq
coluzzii	barcode45	100687	colu_final/barcode45.fastq
coluzzii	barcode46	82897	colu_final/barcode46.fastq
coluzzii	barcode47	84676	colu_final/barcode47.fastq
coluzzii	barcode48	51077	colu_final/barcode48.fastq
coluzzii	barcode49	39299	colu_final/barcode49.fastq
coluzzii	barcode50	26729	colu_final/barcode50.fastq
coluzzii	barcode51	65482	colu_final/barcode51.fastq
coluzzii	barcode52	73008	colu_final/barcode52.fastq
coluzzii	barcode53	61713	colu_final/barcode53.fastq
coluzzii	barcode54	51261	colu_final/barcode54.fastq
coluzzii	barcode55	59293	colu_final/barcode55.fastq
coluzzii	barcode56	16112	colu_final/barcode56.fastq
coluzzii	barcode57	14123	colu_final/barcode57.fastq
coluzzii	barcode58	104651	colu_final/barcode58.fastq
coluzzii	barcode59	185364	colu_final/barcode59.fastq
coluzzii	barcode60	101063	colu_final/barcode60.fastq
coluzzii	barcode61	47235	colu_final/barcode61.fastq
coluzzii	barcode62	41058	colu_final/barcode62.fastq
coluzzii	barcode63	92167	colu_final/barcode63.fastq
coluzzii	barcode64	79473	colu_final/barcode64.fastq
coluzzii	barcode65	108434	colu_final/barcode65.fastq
coluzzii	barcode66	113734	colu_final/barcode66.fastq
coluzzii	barcode67	16848	colu_final/barcode67.fastq
coluzzii	barcode68	41358	colu_final/barcode68.fastq
coluzzii	barcode69	48447	colu_final/barcode69.fastq
coluzzii	barcode70	32112	colu_final/barcode70.fastq
coluzzii	barcode71	139537	colu_final/barcode71.fastq
coluzzii	barcode72	67615	colu_final/barcode72.fastq
coluzzii	barcode73	12030	colu_final/barcode73.fastq
coluzzii	barcode74	1	colu_final/barcode74.fastq
coluzzii	barcode75	2	colu_final/barcode75.fastq
coluzzii	barcode76	1	colu_final/barcode76.fastq
coluzzii	barcode77	1	colu_final/barcode77.fastq
coluzzii	barcode78	1	colu_final/barcode78.fastq
coluzzii	barcode79	4	colu_final/barcode79.fastq
coluzzii	barcode80	1	colu_final/barcode80.fastq
