species	barcode	target_depth	actual_reads	predicted_species	correct
arabiensis	barcode39	100	100	Anopheles arabiensis	TRUE
arabiensis	barcode39	50	50	Anopheles arabiensis	TRUE
arabiensis	barcode39	200	200	Anopheles arabiensis	TRUE
arabiensis	barcode39	500	500	Anopheles arabiensis	TRUE
arabiensis	barcode03	50	50	Anopheles arabiensis	TRUE
arabiensis	barcode39	1000	1000	Anopheles arabiensis	TRUE
arabiensis	barcode39	2000	2000	Anopheles arabiensis	TRUE
arabiensis	barcode39	5000	5000	Anopheles arabiensis	TRUE
arabiensis	barcode03	100	100	Anopheles arabiensis	TRUE
arabiensis	barcode03	200	200	Anopheles arabiensis	TRUE
arabiensis	barcode03	500	500	Anopheles arabiensis	TRUE
arabiensis	barcode03	1000	1000	Anopheles arabiensis	TRUE
arabiensis	barcode03	2000	2000	Anopheles arabiensis	TRUE
arabiensis	barcode33	50	50	Anopheles arabiensis	TRUE
arabiensis	barcode33	100	100	Anopheles arabiensis	TRUE
arabiensis	barcode03	5000	5000	Anopheles arabiensis	TRUE
arabiensis	barcode33	200	200	Anopheles arabiensis	TRUE
arabiensis	barcode33	500	500	Anopheles arabiensis	TRUE
arabiensis	barcode33	1000	1000	Anopheles arabiensis	TRUE
arabiensis	barcode33	2000	2000	Anopheles arabiensis	TRUE
arabiensis	barcode20	200	200	Anopheles arabiensis	TRUE
arabiensis	barcode33	5000	5000	Anopheles arabiensis	TRUE
arabiensis	barcode20	100	100	Anopheles arabiensis	TRUE
arabiensis	barcode20	50	50	Anopheles arabiensis	TRUE
arabiensis	barcode20	500	500	Anopheles arabiensis	TRUE
arabiensis	barcode20	1000	1000	Anopheles arabiensis	TRUE
arabiensis	barcode20	5000	5000	Anopheles arabiensis	TRUE
arabiensis	barcode20	2000	2000	Anopheles arabiensis	TRUE
arabiensis	barcode75	50	50	Anopheles gambiae	FALSE
arabiensis	barcode75	200	200	Anopheles gambiae	FALSE
arabiensis	barcode75	100	100	Anopheles gambiae	FALSE
arabiensis	barcode75	500	500	Anopheles gambiae	FALSE
arabiensis	barcode75	5000	5000	Anopheles gambiae	FALSE
arabiensis	barcode75	1000	1000	Anopheles gambiae	FALSE
arabiensis	barcode75	2000	2000	Anopheles gambiae	FALSE
arabiensis	barcode30	50	50	Anopheles gambiae	FALSE
arabiensis	barcode30	200	200	Anopheles gambiae	FALSE
arabiensis	barcode30	100	100	Anopheles gambiae	FALSE
arabiensis	barcode30	500	500	Anopheles gambiae	FALSE
arabiensis	barcode30	1000	1000	Anopheles gambiae	FALSE
arabiensis	barcode30	2000	2000	Anopheles gambiae	FALSE
arabiensis	barcode30	5000	5000	Anopheles gambiae	FALSE
arabiensis	barcode05	50	50	NA	FALSE
arabiensis	barcode05	100	100	Anopheles gambiae	FALSE
arabiensis	barcode05	200	200	Anopheles arabiensis	TRUE
arabiensis	barcode05	500	500	Anopheles arabiensis	TRUE
arabiensis	barcode05	1000	1000	Anopheles arabiensis	TRUE
arabiensis	barcode05	2000	2000	Anopheles arabiensis	TRUE
arabiensis	barcode05	5000	5000	Anopheles arabiensis	TRUE
arabiensis	barcode63	100	100	Anopheles arabiensis	TRUE
arabiensis	barcode63	50	50	Anopheles arabiensis	TRUE
arabiensis	barcode63	200	200	Anopheles arabiensis	TRUE
arabiensis	barcode63	500	500	Anopheles arabiensis	TRUE
coluzzii	barcode37	50	50	Anopheles gambiae	FALSE
coluzzii	barcode37	100	100	Anopheles gambiae	FALSE
arabiensis	barcode63	1000	1000	Anopheles arabiensis	TRUE
arabiensis	barcode63	2000	2000	Anopheles arabiensis	TRUE
arabiensis	barcode63	5000	5000	Anopheles arabiensis	TRUE
coluzzii	barcode37	200	200	Anopheles gambiae	FALSE
coluzzii	barcode37	500	500	Anopheles gambiae	FALSE
coluzzii	barcode37	1000	1000	Anopheles gambiae	FALSE
coluzzii	barcode37	2000	2000	Anopheles gambiae	FALSE
coluzzii	barcode12	50	50	Anopheles gambiae	FALSE
coluzzii	barcode12	100	100	Anopheles gambiae	FALSE
coluzzii	barcode12	200	200	Anopheles gambiae	FALSE
coluzzii	barcode37	5000	5000	Anopheles gambiae	FALSE
coluzzii	barcode12	500	500	Anopheles gambiae	FALSE
coluzzii	barcode12	1000	1000	Anopheles gambiae	FALSE
coluzzii	barcode12	2000	2000	Anopheles gambiae	FALSE
coluzzii	barcode12	5000	5000	Anopheles gambiae	FALSE
coluzzii	barcode34	50	50	Anopheles gambiae	FALSE
coluzzii	barcode34	200	200	Anopheles gambiae	FALSE
coluzzii	barcode34	100	100	Anopheles gambiae	FALSE
coluzzii	barcode34	500	500	Anopheles gambiae	FALSE
coluzzii	barcode34	1000	1000	Anopheles gambiae	FALSE
coluzzii	barcode34	2000	2000	Anopheles gambiae	FALSE
coluzzii	barcode34	5000	5000	Anopheles gambiae	FALSE
coluzzii	barcode53	50	50	Anopheles gambiae	FALSE
coluzzii	barcode53	100	100	Anopheles gambiae	FALSE
coluzzii	barcode53	200	200	Anopheles gambiae	FALSE
coluzzii	barcode53	500	500	Anopheles gambiae	FALSE
coluzzii	barcode53	1000	1000	Anopheles gambiae	FALSE
coluzzii	barcode53	2000	2000	Anopheles gambiae	FALSE
coluzzii	barcode53	5000	5000	Anopheles gambiae	FALSE
coluzzii	barcode41	50	50	Anopheles gambiae	FALSE
coluzzii	barcode41	100	100	Anopheles gambiae	FALSE
coluzzii	barcode41	200	200	Anopheles gambiae	FALSE
coluzzii	barcode41	500	500	Anopheles gambiae	FALSE
coluzzii	barcode41	2000	2000	Anopheles gambiae	FALSE
coluzzii	barcode41	1000	1000	Anopheles gambiae	FALSE
coluzzii	barcode41	5000	5000	Anopheles gambiae	FALSE
coluzzii	barcode08	50	50	Anopheles gambiae	FALSE
coluzzii	barcode08	100	100	Anopheles gambiae	FALSE
coluzzii	barcode08	200	200	Anopheles gambiae	FALSE
coluzzii	barcode08	500	500	Anopheles gambiae	FALSE
coluzzii	barcode08	1000	1000	Anopheles gambiae	FALSE
coluzzii	barcode08	2000	2000	Anopheles gambiae	FALSE
coluzzii	barcode08	5000	5000	Anopheles gambiae	FALSE
coluzzii	barcode66	50	50	Anopheles gambiae	FALSE
coluzzii	barcode66	100	100	Anopheles gambiae	FALSE
coluzzii	barcode66	200	200	Anopheles gambiae	FALSE
coluzzii	barcode66	500	500	Anopheles gambiae	FALSE
coluzzii	barcode66	2000	2000	Anopheles gambiae	FALSE
coluzzii	barcode66	1000	1000	Anopheles gambiae	FALSE
coluzzii	barcode66	5000	5000	Anopheles gambiae	FALSE
coluzzii	barcode24	100	100	Anopheles gambiae	FALSE
coluzzii	barcode24	200	200	Anopheles gambiae	FALSE
coluzzii	barcode24	50	50	Anopheles gambiae	FALSE
coluzzii	barcode24	500	500	Anopheles gambiae	FALSE
coustani	barcode31	50	50	Anopheles coustani	TRUE
coluzzii	barcode24	5000	5000	Anopheles gambiae	FALSE
coluzzii	barcode24	1000	1000	Anopheles gambiae	FALSE
coluzzii	barcode24	2000	2000	Anopheles gambiae	FALSE
coustani	barcode31	100	100	Anopheles coustani	TRUE
coustani	barcode31	200	200	Anopheles coustani	TRUE
coustani	barcode31	500	500	Anopheles coustani	TRUE
coustani	barcode31	1000	1000	Anopheles coustani	TRUE
coustani	barcode31	2000	2000	Anopheles coustani	TRUE
coustani	barcode47	50	50	Anopheles arabiensis	FALSE
coustani	barcode47	100	100	Anopheles arabiensis	FALSE
coustani	barcode31	5000	5000	Anopheles coustani	TRUE
coustani	barcode47	200	200	Anopheles arabiensis	FALSE
coustani	barcode47	500	500	Anopheles arabiensis	FALSE
coustani	barcode47	1000	1000	Anopheles arabiensis	FALSE
coustani	barcode47	2000	2000	Anopheles arabiensis	FALSE
coustani	barcode47	5000	5000	Anopheles arabiensis	FALSE
coustani	barcode59	50	50	Anopheles arabiensis	FALSE
coustani	barcode59	100	100	Anopheles arabiensis	FALSE
coustani	barcode59	200	200	Anopheles arabiensis	FALSE
coustani	barcode59	500	500	Anopheles arabiensis	FALSE
coustani	barcode59	1000	1000	Anopheles arabiensis	FALSE
coustani	barcode59	2000	2000	Anopheles arabiensis	FALSE
coustani	barcode59	5000	5000	Anopheles arabiensis	FALSE
coustani	barcode49	50	50	Anopheles arabiensis	FALSE
coustani	barcode49	100	100	Anopheles arabiensis	FALSE
coustani	barcode49	200	200	Anopheles funestus	FALSE
coustani	barcode49	500	500	Anopheles funestus	FALSE
coustani	barcode49	1000	1000	Anopheles funestus	FALSE
coustani	barcode49	2000	2000	Anopheles funestus	FALSE
coustani	barcode49	5000	5000	Anopheles funestus	FALSE
coustani	barcode28	50	50	Anopheles arabiensis	FALSE
coustani	barcode28	100	100	Anopheles arabiensis	FALSE
coustani	barcode28	200	200	Anopheles arabiensis	FALSE
coustani	barcode28	500	500	Anopheles arabiensis	FALSE
coustani	barcode28	1000	1000	Anopheles arabiensis	FALSE
coustani	barcode28	2000	2000	Anopheles arabiensis	FALSE
coustani	barcode28	5000	5000	Anopheles arabiensis	FALSE
coustani	barcode54	50	50	Anopheles gambiae	FALSE
coustani	barcode54	100	100	Anopheles gambiae	FALSE
coustani	barcode54	200	200	Anopheles gambiae	FALSE
coustani	barcode54	500	500	Anopheles gambiae	FALSE
coustani	barcode54	1000	1000	Anopheles gambiae	FALSE
coustani	barcode54	2000	2000	Anopheles gambiae	FALSE
coustani	barcode54	5000	5000	Anopheles gambiae	FALSE
coustani	barcode79	100	100	Anopheles stephensi	FALSE
coustani	barcode79	50	50	Anopheles stephensi	FALSE
coustani	barcode79	200	200	Anopheles stephensi	FALSE
coustani	barcode79	500	500	Anopheles stephensi	FALSE
coustani	barcode79	1000	1000	Anopheles stephensi	FALSE
coustani	barcode79	2000	2000	Anopheles stephensi	FALSE
coustani	barcode79	5000	5000	Anopheles stephensi	FALSE
coustani	barcode58	100	100	Anopheles coluzzii	FALSE
coustani	barcode58	200	200	Anopheles coluzzii	FALSE
coustani	barcode58	50	50	NA	FALSE
coustani	barcode58	500	500	Anopheles coluzzii	FALSE
funestus	barcode43	50	50	Anopheles funestus	TRUE
coustani	barcode58	1000	1000	Anopheles coluzzii	FALSE
coustani	barcode58	2000	2000	Anopheles coluzzii	FALSE
coustani	barcode58	5000	5000	Anopheles coluzzii	FALSE
funestus	barcode43	100	100	Anopheles funestus	TRUE
funestus	barcode43	200	200	Anopheles funestus	TRUE
funestus	barcode43	500	500	Anopheles funestus	TRUE
funestus	barcode43	1000	1000	Anopheles funestus	TRUE
funestus	barcode43	2000	2000	Anopheles funestus	TRUE
funestus	barcode25	100	100	Anopheles funestus	TRUE
funestus	barcode25	50	50	Anopheles funestus	TRUE
funestus	barcode43	5000	5000	Anopheles funestus	TRUE
funestus	barcode25	200	200	Anopheles funestus	TRUE
funestus	barcode25	500	500	Anopheles funestus	TRUE
funestus	barcode25	1000	1000	Anopheles funestus	TRUE
funestus	barcode25	2000	2000	Anopheles funestus	TRUE
funestus	barcode25	5000	5000	Anopheles funestus	TRUE
funestus	barcode64	50	50	Anopheles arabiensis	FALSE
funestus	barcode64	100	100	Anopheles arabiensis	FALSE
funestus	barcode64	200	200	Anopheles arabiensis	FALSE
funestus	barcode64	500	500	Anopheles arabiensis	FALSE
funestus	barcode64	1000	1000	Anopheles arabiensis	FALSE
funestus	barcode64	2000	2000	Anopheles funestus	TRUE
funestus	barcode64	5000	5000	Anopheles funestus	TRUE
funestus	barcode20	50	50	Anopheles funestus	TRUE
funestus	barcode20	100	100	Anopheles funestus	TRUE
funestus	barcode20	200	200	Anopheles funestus	TRUE
funestus	barcode20	500	500	Anopheles funestus	TRUE
funestus	barcode20	1000	1000	Anopheles funestus	TRUE
funestus	barcode20	2000	2000	Anopheles funestus	TRUE
funestus	barcode20	5000	5000	Anopheles funestus	TRUE
funestus	barcode13	50	50	Anopheles arabiensis	FALSE
funestus	barcode13	100	100	Anopheles funestus	TRUE
funestus	barcode13	200	200	Anopheles funestus	TRUE
funestus	barcode13	500	500	Anopheles funestus	TRUE
funestus	barcode13	1000	1000	Anopheles funestus	TRUE
funestus	barcode13	2000	2000	Anopheles funestus	TRUE
funestus	barcode66	50	50	Anopheles funestus	TRUE
funestus	barcode13	5000	5000	Anopheles funestus	TRUE
funestus	barcode66	100	100	Anopheles funestus	TRUE
funestus	barcode66	200	200	Anopheles funestus	TRUE
funestus	barcode66	500	500	Anopheles funestus	TRUE
funestus	barcode66	1000	1000	Anopheles funestus	TRUE
funestus	barcode66	2000	2000	Anopheles funestus	TRUE
funestus	barcode66	5000	5000	Anopheles funestus	TRUE
funestus	barcode56	50	50	Anopheles arabiensis	FALSE
funestus	barcode56	100	100	Anopheles arabiensis	FALSE
funestus	barcode56	200	200	Anopheles funestus	TRUE
funestus	barcode56	500	500	Anopheles funestus	TRUE
funestus	barcode56	1000	1000	Anopheles funestus	TRUE
funestus	barcode56	2000	2000	Anopheles funestus	TRUE
funestus	barcode56	5000	5000	Anopheles funestus	TRUE
funestus	barcode70	200	200	Anopheles funestus	TRUE
funestus	barcode70	50	50	Anopheles funestus	TRUE
funestus	barcode70	100	100	Anopheles funestus	TRUE
funestus	barcode70	500	500	Anopheles funestus	TRUE
funestus	barcode70	2000	2000	Anopheles funestus	TRUE
gambiae	barcode02	50	50	Anopheles arabiensis	FALSE
funestus	barcode70	1000	1000	Anopheles funestus	TRUE
funestus	barcode70	5000	5000	Anopheles funestus	TRUE
gambiae	barcode02	100	100	Anopheles arabiensis	FALSE
gambiae	barcode02	200	200	Anopheles arabiensis	FALSE
gambiae	barcode02	500	500	Anopheles arabiensis	FALSE
gambiae	barcode02	1000	1000	Anopheles arabiensis	FALSE
gambiae	barcode02	2000	2000	Anopheles arabiensis	FALSE
gambiae	barcode14	50	50	Anopheles gambiae	TRUE
gambiae	barcode02	5000	5000	Anopheles arabiensis	FALSE
gambiae	barcode14	100	100	Anopheles gambiae	TRUE
gambiae	barcode14	200	200	Anopheles arabiensis	FALSE
gambiae	barcode14	500	500	Anopheles arabiensis	FALSE
gambiae	barcode14	1000	1000	Anopheles arabiensis	FALSE
gambiae	barcode14	2000	2000	Anopheles arabiensis	FALSE
gambiae	barcode42	50	50	Anopheles gambiae	TRUE
gambiae	barcode14	5000	5000	Anopheles arabiensis	FALSE
gambiae	barcode42	100	100	Anopheles gambiae	TRUE
gambiae	barcode42	200	200	Anopheles gambiae	TRUE
gambiae	barcode42	500	500	Anopheles gambiae	TRUE
gambiae	barcode42	1000	1000	Anopheles gambiae	TRUE
gambiae	barcode42	2000	2000	Anopheles gambiae	TRUE
gambiae	barcode42	5000	5000	Anopheles gambiae	TRUE
gambiae	barcode32	100	100	Anopheles coluzzii	FALSE
gambiae	barcode32	50	50	Anopheles arabiensis	FALSE
gambiae	barcode32	200	200	Anopheles coluzzii	FALSE
gambiae	barcode32	500	500	Anopheles coluzzii	FALSE
gambiae	barcode32	1000	1000	Anopheles coluzzii	FALSE
gambiae	barcode32	2000	2000	Anopheles coluzzii	FALSE
gambiae	barcode32	5000	5000	Anopheles coluzzii	FALSE
gambiae	barcode67	50	50	Anopheles gambiae	TRUE
gambiae	barcode67	100	100	Anopheles gambiae	TRUE
gambiae	barcode67	200	200	Anopheles gambiae	TRUE
gambiae	barcode67	500	500	Anopheles gambiae	TRUE
gambiae	barcode67	1000	1000	Anopheles gambiae	TRUE
gambiae	barcode67	2000	2000	Anopheles gambiae	TRUE
gambiae	barcode67	5000	5000	Anopheles gambiae	TRUE
gambiae	barcode75	100	100	Anopheles gambiae	TRUE
gambiae	barcode75	50	50	Anopheles gambiae	TRUE
gambiae	barcode75	200	200	Anopheles gambiae	TRUE
gambiae	barcode75	500	500	Anopheles gambiae	TRUE
gambiae	barcode75	1000	1000	Anopheles gambiae	TRUE
gambiae	barcode75	2000	2000	Anopheles gambiae	TRUE
gambiae	barcode75	5000	5000	Anopheles gambiae	TRUE
gambiae	barcode56	50	50	Anopheles gambiae	TRUE
gambiae	barcode56	100	100	Anopheles gambiae	TRUE
gambiae	barcode56	200	200	Anopheles gambiae	TRUE
gambiae	barcode56	500	500	Anopheles gambiae	TRUE
gambiae	barcode56	1000	1000	Anopheles gambiae	TRUE
gambiae	barcode56	2000	2000	Anopheles gambiae	TRUE
gambiae	barcode56	5000	5000	Anopheles gambiae	TRUE
gambiae	barcode03	50	50	Anopheles gambiae	TRUE
gambiae	barcode03	100	100	Anopheles gambiae	TRUE
gambiae	barcode03	200	200	Anopheles gambiae	TRUE
gambiae	barcode03	500	500	Anopheles gambiae	TRUE
stephensi	barcode14	50	50	Anopheles stephensi	TRUE
gambiae	barcode03	1000	1000	Anopheles gambiae	TRUE
gambiae	barcode03	2000	2000	Anopheles gambiae	TRUE
stephensi	barcode14	100	100	Anopheles stephensi	TRUE
gambiae	barcode03	5000	5000	Anopheles gambiae	TRUE
stephensi	barcode14	200	200	Anopheles stephensi	TRUE
stephensi	barcode14	500	500	Anopheles stephensi	TRUE
stephensi	barcode14	1000	1000	Anopheles stephensi	TRUE
stephensi	barcode14	2000	2000	Anopheles stephensi	TRUE
stephensi	barcode39	50	50	Anopheles stephensi	TRUE
stephensi	barcode39	100	100	Anopheles stephensi	TRUE
stephensi	barcode14	5000	5000	Anopheles stephensi	TRUE
stephensi	barcode39	200	200	Anopheles stephensi	TRUE
stephensi	barcode39	500	500	Anopheles stephensi	TRUE
stephensi	barcode39	2000	2000	Anopheles stephensi	TRUE
stephensi	barcode39	1000	1000	Anopheles stephensi	TRUE
stephensi	barcode39	5000	5000	Anopheles stephensi	TRUE
stephensi	barcode43	100	100	Anopheles stephensi	TRUE
stephensi	barcode43	200	200	Anopheles stephensi	TRUE
stephensi	barcode43	50	50	Anopheles stephensi	TRUE
stephensi	barcode43	500	500	Anopheles stephensi	TRUE
stephensi	barcode43	1000	1000	Anopheles stephensi	TRUE
stephensi	barcode43	2000	2000	Anopheles stephensi	TRUE
stephensi	barcode43	5000	5000	Anopheles stephensi	TRUE
stephensi	barcode03	50	50	Anopheles stephensi	TRUE
stephensi	barcode03	100	100	Anopheles stephensi	TRUE
stephensi	barcode03	200	200	Anopheles stephensi	TRUE
stephensi	barcode03	500	500	Anopheles stephensi	TRUE
stephensi	barcode03	1000	1000	Anopheles stephensi	TRUE
stephensi	barcode03	2000	2000	Anopheles stephensi	TRUE
stephensi	barcode07	50	50	Anopheles stephensi	TRUE
stephensi	barcode03	5000	5000	Anopheles stephensi	TRUE
stephensi	barcode07	100	100	Anopheles stephensi	TRUE
stephensi	barcode07	200	200	Anopheles stephensi	TRUE
stephensi	barcode07	500	500	Anopheles stephensi	TRUE
stephensi	barcode07	1000	1000	Anopheles stephensi	TRUE
stephensi	barcode07	2000	2000	Anopheles stephensi	TRUE
stephensi	barcode07	5000	5000	Anopheles stephensi	TRUE
stephensi	barcode68	50	50	Anopheles stephensi	TRUE
stephensi	barcode68	100	100	Anopheles stephensi	TRUE
stephensi	barcode68	200	200	Anopheles stephensi	TRUE
stephensi	barcode68	500	500	Anopheles stephensi	TRUE
stephensi	barcode68	1000	1000	Anopheles stephensi	TRUE
stephensi	barcode68	2000	2000	Anopheles stephensi	TRUE
stephensi	barcode68	5000	5000	Anopheles stephensi	TRUE
stephensi	barcode32	50	50	Anopheles stephensi	TRUE
stephensi	barcode32	100	100	Anopheles stephensi	TRUE
stephensi	barcode32	200	200	Anopheles stephensi	TRUE
stephensi	barcode32	500	500	Anopheles stephensi	TRUE
stephensi	barcode32	2000	2000	Anopheles stephensi	TRUE
stephensi	barcode32	1000	1000	Anopheles stephensi	TRUE
stephensi	barcode32	5000	5000	Anopheles stephensi	TRUE
stephensi	barcode38	50	50	Anopheles stephensi	TRUE
stephensi	barcode38	100	100	Anopheles stephensi	TRUE
stephensi	barcode38	200	200	Anopheles stephensi	TRUE
stephensi	barcode38	500	500	Anopheles stephensi	TRUE
stephensi	barcode38	1000	1000	Anopheles stephensi	TRUE
stephensi	barcode38	2000	2000	Anopheles stephensi	TRUE
stephensi	barcode38	5000	5000	Anopheles stephensi	TRUE
ALL DONE
