species	barcode	native_reads	fastq_path
arabiensis	barcode39	5287	arabiensis/barcode39.fastq
arabiensis	barcode03	9345	arabiensis/barcode03.fastq
arabiensis	barcode33	12169	arabiensis/barcode33.fastq
arabiensis	barcode20	20982	arabiensis/barcode20.fastq
arabiensis	barcode75	41358	arabiensis/barcode75.fastq
arabiensis	barcode30	75398	arabiensis/barcode30.fastq
arabiensis	barcode05	132895	arabiensis/barcode05.fastq
arabiensis	barcode63	681094	arabiensis/barcode63.fastq
coluzzii	barcode37	11490	colu_final/barcode37.fastq
coluzzii	barcode12	21399	colu_final/barcode12.fastq
coluzzii	barcode34	42973	colu_final/barcode34.fastq
coluzzii	barcode53	61713	colu_final/barcode53.fastq
coluzzii	barcode41	73417	colu_final/barcode41.fastq
coluzzii	barcode08	91596	colu_final/barcode08.fastq
coluzzii	barcode66	113734	colu_final/barcode66.fastq
coluzzii	barcode24	301006	colu_final/barcode24.fastq
coustani	barcode31	5153	coustani_combined/combined.barcode31.fastq
coustani	barcode47	10085	coustani_combined/combined.barcode47.fastq
coustani	barcode59	20187	coustani_combined/combined.barcode59.fastq
coustani	barcode49	24974	coustani_combined/combined.barcode49.fastq
coustani	barcode28	33725	coustani_combined/combined.barcode28.fastq
coustani	barcode54	45123	coustani_combined/combined.barcode54.fastq
coustani	barcode79	68901	coustani_combined/combined.barcode79.fastq
coustani	barcode58	197805	coustani_combined/combined.barcode58.fastq
funestus	barcode43	5377	fun_final/barcode43.fastq
funestus	barcode25	8689	fun_final/barcode25.fastq
funestus	barcode64	12282	fun_final/barcode64.fastq
funestus	barcode20	15097	fun_final/barcode20.fastq
funestus	barcode13	22989	fun_final/barcode13.fastq
funestus	barcode66	41885	fun_final/barcode66.fastq
funestus	barcode56	81625	fun_final/barcode56.fastq
funestus	barcode70	185720	fun_final/barcode70.fastq
gambiae	barcode02	6007	gam_final/barcode02.fastq
gambiae	barcode14	16158	gam_final/barcode14.fastq
gambiae	barcode42	21399	gam_final/barcode42.fastq
gambiae	barcode32	38904	gam_final/barcode32.fastq
gambiae	barcode67	65393	gam_final/barcode67.fastq
gambiae	barcode75	92167	gam_final/barcode75.fastq
gambiae	barcode56	142856	gam_final/barcode56.fastq
gambiae	barcode03	628276	gam_final/barcode03.fastq
stephensi	barcode14	5397	steph_combined/combined.barcode14
stephensi	barcode39	22671	steph_combined/combined.barcode39
stephensi	barcode43	30554	steph_combined/combined.barcode43
stephensi	barcode03	33721	steph_combined/combined.barcode03
stephensi	barcode07	38209	steph_combined/combined.barcode07
stephensi	barcode68	46508	steph_combined/combined.barcode68
stephensi	barcode32	50899	steph_combined/combined.barcode32
stephensi	barcode38	93466	steph_combined/combined.barcode38
