panel,reference_species_id,
Anopheles stephensi,Anopheles stephensi,
Anopheles stephensi,Anopheles stephensi,
Anopheles stephensi,Anopheles stephensi,
Anopheles stephensi,Anopheles stephensi,
Anopheles stephensi,Anopheles stephensi,
Anopheles stephensi,Anopheles stephensi,
Anopheles stephensi,Anopheles stephensi,
Anopheles stephensi,Anopheles stephensi,
Anopheles stephensi,Anopheles stephensi,
Anopheles stephensi,Anopheles stephensi,
Anopheles stephensi,Anopheles stephensi,
Anopheles stephensi,Anopheles stephensi,
Anopheles stephensi,Anopheles stephensi,
Anopheles stephensi,Anopheles stephensi,
Anopheles stephensi,Anopheles stephensi,
Anopheles stephensi,Anopheles stephensi,
Anopheles stephensi,Anopheles stephensi,
Anopheles stephensi,Anopheles stephensi,
Anopheles stephensi,Anopheles stephensi,
Anopheles stephensi,Anopheles stephensi,
Anopheles stephensi,Anopheles stephensi,
Anopheles stephensi,Anopheles stephensi,
Anopheles stephensi,Anopheles stephensi,
Anopheles stephensi,Anopheles stephensi,
Anopheles stephensi,Anopheles stephensi,
Anopheles stephensi,Anopheles stephensi,
Anopheles stephensi,Anopheles stephensi,
Anopheles stephensi,Anopheles stephensi,
Anopheles stephensi,Anopheles stephensi,
Anopheles stephensi,Anopheles stephensi,
Anopheles stephensi,Anopheles stephensi,
Anopheles stephensi,Anopheles stephensi,
Anopheles stephensi,Anopheles stephensi,
Anopheles stephensi,Anopheles stephensi,
Anopheles stephensi,Anopheles stephensi,
Anopheles stephensi,Anopheles stephensi,
Anopheles stephensi,Anopheles stephensi,
Anopheles stephensi,Anopheles stephensi,
Anopheles stephensi,Anopheles stephensi,
Anopheles stephensi,Anopheles stephensi,
Anopheles stephensi,Anopheles stephensi,
Anopheles stephensi,Anopheles stephensi,
Anopheles stephensi,Anopheles stephensi,
Anopheles stephensi,Anopheles stephensi,
Anopheles stephensi,Anopheles stephensi,
Anopheles stephensi,Anopheles stephensi,
Anopheles stephensi,Anopheles stephensi,
Anopheles stephensi,Anopheles stephensi,
Anopheles stephensi,Anopheles stephensi,
Anopheles stephensi,Anopheles stephensi,
Anopheles stephensi,Anopheles stephensi,
Anopheles stephensi,Anopheles stephensi,
Anopheles stephensi,Anopheles stephensi,
Anopheles stephensi,Anopheles stephensi,
Anopheles stephensi,Anopheles stephensi,
Anopheles stephensi,Anopheles stephensi,
Anopheles stephensi,Anopheles stephensi,
Anopheles stephensi,Anopheles stephensi,
Anopheles stephensi,Anopheles stephensi,
Anopheles stephensi,Anopheles stephensi,
Anopheles stephensi,Anopheles stephensi,
Anopheles stephensi,Anopheles stephensi,
Anopheles stephensi,Anopheles stephensi,
Anopheles stephensi,Anopheles stephensi,
Anopheles stephensi,Anopheles stephensi,
Anopheles stephensi,Anopheles stephensi,
Anopheles stephensi,Anopheles stephensi,
Anopheles stephensi,Anopheles stephensi,
Anopheles stephensi,Anopheles stephensi,
Anopheles stephensi,Anopheles stephensi,
Anopheles stephensi,Anopheles stephensi,
Anopheles stephensi,Anopheles stephensi,
Anopheles stephensi,Anopheles stephensi,
Anopheles stephensi,Anopheles stephensi,
Anopheles arabiensis,Anopheles stephensi,
Anopheles stephensi,Anopheles stephensi,
Anopheles stephensi,Anopheles stephensi,
Anopheles stephensi,Anopheles stephensi,
Anopheles stephensi,Anopheles stephensi,
Anopheles arabiensis,Anopheles arabiensis,
Anopheles arabiensis,Anopheles arabiensis,
Anopheles arabiensis,Anopheles arabiensis,
Anopheles arabiensis,Anopheles arabiensis,
Anopheles arabiensis,Anopheles arabiensis,
Anopheles arabiensis,Anopheles arabiensis,
Anopheles arabiensis,Anopheles arabiensis,
Anopheles arabiensis,Anopheles arabiensis,
Anopheles arabiensis,Anopheles arabiensis,
Anopheles arabiensis,Anopheles arabiensis,
Anopheles arabiensis,Anopheles arabiensis,
Anopheles arabiensis,Anopheles arabiensis,
Anopheles arabiensis,Anopheles arabiensis,
Anopheles arabiensis,Anopheles arabiensis,
Anopheles arabiensis,Anopheles arabiensis,
Anopheles arabiensis,Anopheles arabiensis,
Anopheles arabiensis,Anopheles arabiensis,
Anopheles arabiensis,Anopheles arabiensis,
Anopheles arabiensis,Anopheles arabiensis,
Anopheles arabiensis,Anopheles arabiensis,
Anopheles arabiensis,Anopheles arabiensis,
Anopheles arabiensis,Anopheles arabiensis,
Anopheles arabiensis,Anopheles arabiensis,
Anopheles arabiensis,Anopheles arabiensis,
Anopheles arabiensis,Anopheles arabiensis,
Anopheles arabiensis,Anopheles arabiensis,
Anopheles gambiae,Anopheles arabiensis,
Anopheles arabiensis,Anopheles arabiensis,
Anopheles arabiensis,Anopheles arabiensis,
Anopheles arabiensis,Anopheles arabiensis,
Anopheles arabiensis,Anopheles arabiensis,
Anopheles arabiensis,Anopheles arabiensis,
Anopheles arabiensis,Anopheles arabiensis,
Anopheles arabiensis,Anopheles arabiensis,
Anopheles arabiensis,Anopheles arabiensis,
Anopheles arabiensis,Anopheles arabiensis,
Anopheles arabiensis,Anopheles arabiensis,
Anopheles arabiensis,Anopheles arabiensis,
Anopheles arabiensis,Anopheles arabiensis,
Anopheles arabiensis,Anopheles arabiensis,
Anopheles arabiensis,Anopheles arabiensis,
Anopheles arabiensis,Anopheles arabiensis,
Anopheles arabiensis,Anopheles arabiensis,
Anopheles arabiensis,Anopheles arabiensis,
Anopheles arabiensis,Anopheles arabiensis,
Anopheles arabiensis,Anopheles arabiensis,
Anopheles arabiensis,Anopheles arabiensis,
Anopheles arabiensis,Anopheles arabiensis,
Anopheles arabiensis,Anopheles arabiensis,
Anopheles arabiensis,Anopheles arabiensis,
Anopheles arabiensis,Anopheles arabiensis,
Anopheles arabiensis,Anopheles arabiensis,
Anopheles arabiensis,Anopheles arabiensis,
Anopheles arabiensis,Anopheles arabiensis,
Anopheles arabiensis,Anopheles arabiensis,
Anopheles arabiensis,Anopheles arabiensis,
Anopheles arabiensis,Anopheles arabiensis,
Anopheles arabiensis,Anopheles arabiensis,
Anopheles arabiensis,Anopheles arabiensis,
Anopheles arabiensis,Anopheles arabiensis,
Anopheles arabiensis,Anopheles arabiensis,
Anopheles arabiensis,Anopheles arabiensis,
Anopheles arabiensis,Anopheles arabiensis,
Anopheles arabiensis,Anopheles arabiensis,
Anopheles arabiensis,Anopheles arabiensis,
Anopheles arabiensis,Anopheles arabiensis,
Anopheles arabiensis,Anopheles arabiensis,
Anopheles arabiensis,Anopheles arabiensis,
Anopheles stephensi,Anopheles arabiensis,
Anopheles arabiensis,Anopheles arabiensis,
Anopheles arabiensis,Anopheles arabiensis,
Anopheles arabiensis,Anopheles arabiensis,
Anopheles arabiensis,Anopheles arabiensis,
Anopheles arabiensis,Anopheles arabiensis,
Anopheles arabiensis,Anopheles arabiensis,
Anopheles arabiensis,Anopheles arabiensis,
Anopheles arabiensis,Anopheles arabiensis,
Anopheles arabiensis,Anopheles arabiensis,
Anopheles arabiensis,Anopheles arabiensis,
Anopheles gambiae,Anopheles gambiae,
Anopheles gambiae,Anopheles gambiae,
Anopheles gambiae,Anopheles gambiae,
Anopheles gambiae,Anopheles gambiae,
Anopheles gambiae,Anopheles gambiae,
Anopheles gambiae,Anopheles gambiae,
Anopheles gambiae,Anopheles gambiae,
Anopheles arabiensis,Anopheles gambiae,
Anopheles coluzzii,Anopheles gambiae,
Anopheles gambiae,Anopheles gambiae,
Anopheles arabiensis,Anopheles gambiae,
Anopheles gambiae,Anopheles gambiae,
Anopheles gambiae,Anopheles gambiae,
Anopheles gambiae,Anopheles gambiae,
Anopheles gambiae,Anopheles gambiae,
Anopheles gambiae,Anopheles gambiae,
Anopheles gambiae,Anopheles gambiae,
Anopheles gambiae,Anopheles gambiae,
Anopheles arabiensis,Anopheles gambiae,
Anopheles gambiae,Anopheles gambiae,
Anopheles gambiae,Anopheles gambiae,
Anopheles gambiae,Anopheles gambiae,
Anopheles gambiae,Anopheles gambiae,
Anopheles gambiae,Anopheles gambiae,
Anopheles gambiae,Anopheles gambiae,
Anopheles gambiae,Anopheles gambiae,
Anopheles gambiae,Anopheles gambiae,
Anopheles gambiae,Anopheles gambiae,
Anopheles gambiae,Anopheles gambiae,
Anopheles gambiae,Anopheles gambiae,
Anopheles gambiae,Anopheles gambiae,
Anopheles gambiae,Anopheles gambiae,
Anopheles gambiae,Anopheles gambiae,
Anopheles gambiae,Anopheles gambiae,
Anopheles gambiae,Anopheles gambiae,
Anopheles gambiae,Anopheles gambiae,
Anopheles gambiae,Anopheles gambiae,
Anopheles gambiae,Anopheles gambiae,
Anopheles gambiae,Anopheles gambiae,
Anopheles gambiae,Anopheles gambiae,
Anopheles gambiae,Anopheles gambiae,
Anopheles gambiae,Anopheles gambiae,
Anopheles gambiae,Anopheles gambiae,
Anopheles gambiae,Anopheles gambiae,
Anopheles gambiae,Anopheles gambiae,
Anopheles gambiae,Anopheles gambiae,
Anopheles gambiae,Anopheles gambiae,
Anopheles gambiae,Anopheles gambiae,
Anopheles gambiae,Anopheles gambiae,
Anopheles gambiae,Anopheles gambiae,
Anopheles gambiae,Anopheles gambiae,
Anopheles gambiae,Anopheles gambiae,
Anopheles gambiae,Anopheles gambiae,
Anopheles gambiae,Anopheles gambiae,
Anopheles gambiae,Anopheles gambiae,
Anopheles gambiae,Anopheles gambiae,
Anopheles gambiae,Anopheles gambiae,
Anopheles gambiae,Anopheles gambiae,
Anopheles gambiae,Anopheles gambiae,
Anopheles gambiae,Anopheles gambiae,
Anopheles gambiae,Anopheles gambiae,
Anopheles gambiae,Anopheles gambiae,
Anopheles gambiae,Anopheles gambiae,
Anopheles gambiae,Anopheles gambiae,
Anopheles gambiae,Anopheles gambiae,
Anopheles gambiae,Anopheles gambiae,
Anopheles gambiae,Anopheles gambiae,
Anopheles gambiae,Anopheles gambiae,
Anopheles gambiae,Anopheles gambiae,
Anopheles gambiae,Anopheles gambiae,
Anopheles gambiae,Anopheles gambiae,
Anopheles gambiae,Anopheles gambiae,
Anopheles gambiae,Anopheles gambiae,
Anopheles gambiae,Anopheles gambiae,
Anopheles gambiae,Anopheles gambiae,
Anopheles gambiae,Anopheles gambiae,
Anopheles gambiae,Anopheles gambiae,
Anopheles gambiae,Anopheles gambiae,
Anopheles gambiae,Anopheles gambiae,
Anopheles gambiae,Anopheles gambiae,
Anopheles funestus,Anopheles funestus,
Anopheles funestus,Anopheles funestus,
Anopheles funestus,Anopheles funestus,
Anopheles funestus,Anopheles funestus,
Anopheles funestus,Anopheles funestus,
Anopheles funestus,Anopheles funestus,
Anopheles funestus,Anopheles funestus,
Anopheles funestus,Anopheles funestus,
Anopheles funestus,Anopheles funestus,
Anopheles funestus,Anopheles funestus,
Anopheles funestus,Anopheles funestus,
Anopheles funestus,Anopheles funestus,
Anopheles funestus,Anopheles funestus,
Anopheles funestus,Anopheles funestus,
Anopheles funestus,Anopheles funestus,
Anopheles funestus,Anopheles funestus,
Anopheles funestus,Anopheles funestus,
Anopheles funestus,Anopheles funestus,
Anopheles funestus,Anopheles funestus,
Anopheles funestus,Anopheles funestus,
Anopheles funestus,Anopheles funestus,
Anopheles funestus,Anopheles funestus,
Anopheles funestus,Anopheles funestus,
Anopheles funestus,Anopheles funestus,
Anopheles funestus,Anopheles funestus,
Anopheles funestus,Anopheles funestus,
Anopheles funestus,Anopheles funestus,
Anopheles funestus,Anopheles funestus,
Anopheles funestus,Anopheles funestus,
Anopheles funestus,Anopheles funestus,
Anopheles funestus,Anopheles funestus,
Anopheles funestus,Anopheles funestus,
Anopheles funestus,Anopheles funestus,
Anopheles funestus,Anopheles funestus,
Anopheles funestus,Anopheles funestus,
Anopheles funestus,Anopheles funestus,
Anopheles funestus,Anopheles funestus,
Anopheles funestus,Anopheles funestus,
Anopheles funestus,Anopheles funestus,
Anopheles funestus,Anopheles funestus,
Anopheles funestus,Anopheles funestus,
Anopheles funestus,Anopheles funestus,
Anopheles funestus,Anopheles funestus,
Anopheles funestus,Anopheles funestus,
Anopheles funestus,Anopheles funestus,
Anopheles funestus,Anopheles funestus,
Anopheles funestus,Anopheles funestus,
Anopheles funestus,Anopheles funestus,
Anopheles funestus,Anopheles funestus,
Anopheles funestus,Anopheles funestus,
Anopheles funestus,Anopheles funestus,
Anopheles arabiensis,Anopheles funestus,
Anopheles funestus,Anopheles funestus,
Anopheles funestus,Anopheles funestus,
Anopheles funestus,Anopheles funestus,
Anopheles funestus,Anopheles funestus,
Anopheles funestus,Anopheles funestus,
Anopheles funestus,Anopheles funestus,
Anopheles funestus,Anopheles funestus,
Anopheles funestus,Anopheles funestus,
Anopheles funestus,Anopheles funestus,
Anopheles funestus,Anopheles funestus,
Anopheles funestus,Anopheles funestus,
Anopheles funestus,Anopheles funestus,
Anopheles funestus,Anopheles funestus,
Anopheles funestus,Anopheles funestus,
Anopheles funestus,Anopheles funestus,
Anopheles funestus,Anopheles funestus,
Anopheles funestus,Anopheles funestus,
Anopheles funestus,Anopheles funestus,
Anopheles funestus,Anopheles funestus,
Anopheles funestus,Anopheles funestus,
Anopheles funestus,Anopheles funestus,
Anopheles funestus,Anopheles funestus,
Anopheles funestus,Anopheles funestus,
Anopheles funestus,Anopheles funestus,
Anopheles funestus,Anopheles funestus,
Anopheles funestus,Anopheles funestus,
Anopheles funestus,Anopheles funestus,
Anopheles funestus,Anopheles funestus,
Anopheles coluzzii,Anopheles coluzzii,
Anopheles coluzzii,Anopheles coluzzii,
Anopheles coluzzii,Anopheles coluzzii,
Anopheles coluzzii,Anopheles coluzzii,
Anopheles coluzzii,Anopheles coluzzii,
Anopheles coluzzii,Anopheles coluzzii,
Anopheles coluzzii,Anopheles coluzzii,
Anopheles gambiae,Anopheles coluzzii,
Anopheles coluzzii,Anopheles coluzzii,
Anopheles coluzzii,Anopheles coluzzii,
Anopheles coluzzii,Anopheles coluzzii,
Anopheles gambiae,Anopheles coluzzii,
Anopheles coluzzii,Anopheles coluzzii,
Anopheles coluzzii,Anopheles coluzzii,
Anopheles coluzzii,Anopheles coluzzii,
Anopheles gambiae,Anopheles coluzzii,
Anopheles coluzzii,Anopheles coluzzii,
Anopheles coluzzii,Anopheles coluzzii,
Anopheles gambiae,Anopheles coluzzii,
Anopheles coluzzii,Anopheles coluzzii,
Anopheles coluzzii,Anopheles coluzzii,
Anopheles gambiae,Anopheles coluzzii,
Anopheles coluzzii,Anopheles coluzzii,
Anopheles coluzzii,Anopheles coluzzii,
Anopheles coluzzii,Anopheles coluzzii,
Anopheles coluzzii,Anopheles coluzzii,
Anopheles gambiae,Anopheles coluzzii,
Anopheles gambiae,Anopheles coluzzii,
Anopheles coluzzii,Anopheles coluzzii,
Anopheles coluzzii,Anopheles coluzzii,
Anopheles gambiae,Anopheles coluzzii,
Anopheles coluzzii,Anopheles coluzzii,
Anopheles coluzzii,Anopheles coluzzii,
Anopheles gambiae,Anopheles coluzzii,
Anopheles coluzzii,Anopheles coluzzii,
Anopheles coluzzii,Anopheles coluzzii,
Anopheles coluzzii,Anopheles coluzzii,
Anopheles coluzzii,Anopheles coluzzii,
Anopheles gambiae,Anopheles coluzzii,
Anopheles coluzzii,Anopheles coluzzii,
Anopheles coluzzii,Anopheles coluzzii,
Anopheles gambiae,Anopheles coluzzii,
Anopheles coluzzii,Anopheles coluzzii,
Anopheles coluzzii,Anopheles coluzzii,
Anopheles coluzzii,Anopheles coluzzii,
Anopheles coluzzii,Anopheles coluzzii,
Anopheles coluzzii,Anopheles coluzzii,
Anopheles coluzzii,Anopheles coluzzii,
Anopheles coluzzii,Anopheles coluzzii,
Anopheles coluzzii,Anopheles coluzzii,
Anopheles coluzzii,Anopheles coluzzii,
Anopheles coluzzii,Anopheles coluzzii,
Anopheles coluzzii,Anopheles coluzzii,
Anopheles coluzzii,Anopheles coluzzii,
Anopheles coluzzii,Anopheles coluzzii,
Anopheles coluzzii,Anopheles coluzzii,
Anopheles coluzzii,Anopheles coluzzii,
Anopheles coluzzii,Anopheles coluzzii,
Anopheles coluzzii,Anopheles coluzzii,
Anopheles coluzzii,Anopheles coluzzii,
Anopheles coluzzii,Anopheles coluzzii,
Anopheles coluzzii,Anopheles coluzzii,
Anopheles coluzzii,Anopheles coluzzii,
Anopheles coluzzii,Anopheles coluzzii,
Anopheles coluzzii,Anopheles coluzzii,
Anopheles coluzzii,Anopheles coluzzii,
Anopheles coluzzii,Anopheles coluzzii,
Anopheles coluzzii,Anopheles coluzzii,
Anopheles coluzzii,Anopheles coluzzii,
Anopheles coluzzii,Anopheles coluzzii,
Anopheles coluzzii,Anopheles coluzzii,
Anopheles coluzzii,Anopheles coluzzii,
Anopheles coluzzii,Anopheles coluzzii,
Anopheles coluzzii,Anopheles coluzzii,
Anopheles coluzzii,Anopheles coluzzii,
Anopheles coluzzii,Anopheles coluzzii,
Anopheles coluzzii,Anopheles coluzzii,
Anopheles coluzzii,Anopheles coluzzii,
Anopheles coluzzii,Anopheles coluzzii,
Anopheles coluzzii,Anopheles coluzzii,
Anopheles coustani,Anopheles coustani,
Anopheles coustani,Anopheles coustani,
Anopheles coustani,Anopheles coustani,
Anopheles coustani,Anopheles coustani,
Anopheles gambiae,Anopheles coustani,
Anopheles gambiae,Anopheles coustani,
Anopheles coustani,Anopheles coustani,
Anopheles coustani,Anopheles coustani,
Anopheles coustani,Anopheles coustani,
Anopheles coustani,Anopheles coustani,
Anopheles coustani,Anopheles coustani,
Anopheles coustani,Anopheles coustani,
Anopheles gambiae,Anopheles coustani,
Anopheles gambiae,Anopheles coustani,
Anopheles coustani,Anopheles coustani,
Anopheles coustani,Anopheles coustani,
Anopheles coustani,Anopheles coustani,
Anopheles coustani,Anopheles coustani,
Anopheles coustani,Anopheles coustani,
Anopheles coustani,Anopheles coustani,
Anopheles gambiae,Anopheles coustani,
Anopheles gambiae,Anopheles coustani,
Anopheles gambiae,Anopheles coustani,
Anopheles gambiae,Anopheles coustani,
Anopheles gambiae,Anopheles coustani,
Anopheles coustani,Anopheles coustani,
Anopheles coustani,Anopheles coustani,
Anopheles coustani,Anopheles coustani,
Anopheles coustani,Anopheles coustani,
Anopheles coustani,Anopheles coustani,
Anopheles coustani,Anopheles coustani,
Anopheles coustani,Anopheles coustani,
Anopheles coustani,Anopheles coustani,
Anopheles coustani,Anopheles coustani,
Anopheles coustani,Anopheles coustani,
Anopheles coustani,Anopheles coustani,
Anopheles coustani,Anopheles coustani,
Anopheles coustani,Anopheles coustani,
Anopheles coustani,Anopheles coustani,
Anopheles coustani,Anopheles coustani,
Anopheles coustani,Anopheles coustani,
Anopheles coustani,Anopheles coustani,
Anopheles coustani,Anopheles coustani,
Anopheles coustani,Anopheles coustani,
Anopheles coustani,Anopheles coustani,
Anopheles coustani,Anopheles coustani,
Anopheles coustani,Anopheles coustani,
Anopheles coustani,Anopheles coustani,
Anopheles coustani,Anopheles coustani,
Anopheles coustani,Anopheles coustani,
Anopheles coustani,Anopheles coustani,
Anopheles coustani,Anopheles coustani,
Anopheles gambiae,Anopheles coustani,
Anopheles gambiae,Anopheles coustani,
Anopheles coustani,Anopheles coustani,
Anopheles coustani,Anopheles coustani,
Anopheles coustani,Anopheles coustani,
Anopheles coustani,Anopheles coustani,
Anopheles coustani,Anopheles coustani,
Anopheles coustani,Anopheles coustani,
Anopheles coustani,Anopheles coustani,
Anopheles arabiensis,Anopheles coustani,
Anopheles coustani,Anopheles coustani,
Anopheles coustani,Anopheles coustani,
Anopheles coustani,Anopheles coustani,
Anopheles coustani,Anopheles coustani,
Anopheles coustani,Anopheles coustani,
Anopheles coustani,Anopheles coustani,
Anopheles coustani,Anopheles coustani,
Anopheles arabiensis,Anopheles coustani,
Anopheles coustani,Anopheles coustani,
Anopheles coustani,Anopheles coustani,
Anopheles coustani,Anopheles coustani,
Anopheles coustani,Anopheles coustani,
Anopheles coustani,Anopheles coustani,
Anopheles coustani,Anopheles coustani,
Anopheles coustani,Anopheles coustani,
Anopheles coustani,Anopheles coustani,
Anopheles coustani,Anopheles coustani,
Anopheles arabiensis,Anopheles coustani,
