sample_label,species,AGAP001804,AGAP001805,AGAP002141,AGAP002151,AGAP003240,AGAP003262,AGAP004422,AGAP004522,AGAP005134,AGAP007827
arabiensis_barcode35,arabiensis,4755.63,10373.32,22403.97,4783.49,529.64,5879.15,3327.02,676.62,1152.95,10559.28
arabiensis_barcode21,arabiensis,3949.78,7736.96,18177.31,3725.77,517.42,4137.14,2688.1,712.71,1081.86,8235.3
arabiensis_barcode36,arabiensis,750.92,883.81,2977.6,841.43,40.8,1021.72,420.09,87.51,182.81,1274.01
arabiensis_barcode11,arabiensis,1697.31,6533.46,27116.03,1975.29,444.64,1320.7,932.28,238.73,1988.89,15378.7
arabiensis_barcode48,arabiensis,821.43,911.79,2413.04,1276.65,186.25,1490.58,653.93,226.44,857.94,1825.78
arabiensis_barcode64,arabiensis,13054.99,26876.8,64621.57,9765.8,762.96,16524.91,7748.89,1364.18,2818.79,30929.11
arabiensis_barcode20,arabiensis,3080.54,1383.28,5640.58,1156.95,17.42,491.34,34.19,32.68,444.29,2304.99
arabiensis_barcode14,arabiensis,15748.45,7651.73,21769.83,3273.87,233.8,4852.54,349.78,309.92,3033.44,11897.52
arabiensis_barcode71,arabiensis,26.16,10.48,13.26,47.46,2.58,40.22,0.97,6.77,8.43,49.3
arabiensis_barcode40,arabiensis,42.96,109.42,472.91,21.73,16.18,15.25,28.3,16.74,47.91,289.51
arabiensis_barcode45,arabiensis,1707.84,1855.1,3790.83,1830.5,57.79,2683.31,840.77,149.62,369.59,1339.99
arabiensis_barcode51,arabiensis,1886.23,1545.02,4679.02,3860.98,203.24,1999.94,715.61,352.72,20972.28,5316.88
arabiensis_barcode32,arabiensis,285.1,167.51,932.96,553.9,4.15,80.74,17.94,17.2,37.91,482.61
arabiensis_barcode38,arabiensis,807.56,1005.21,2478.17,924.43,49.27,1369.83,444.53,89.54,143.35,774.66
arabiensis_barcode33,arabiensis,1130.84,919.47,3441.27,1211.45,67.0,1700.27,662.59,117.95,286.91,967.92
arabiensis_barcode44,arabiensis,274.56,165.42,369.18,148.02,23.78,212.47,7.53,8.32,80.76,349.16
arabiensis_barcode65,arabiensis,16.92,19.35,48.98,29.53,3.79,15.72,14.0,5.07,13.96,44.29
arabiensis_barcode57,arabiensis,13054.99,26876.8,64621.57,9765.8,762.96,16524.91,7748.89,1364.18,2818.79,30929.11
arabiensis_barcode42,arabiensis,2241.1,1326.26,4800.08,2303.67,71.98,2604.96,657.3,194.43,492.37,1748.77
arabiensis_barcode53,arabiensis,126.77,108.6,283.06,137.49,32.39,226.23,77.53,61.21,75.01,187.07
arabiensis_barcode23,arabiensis,1008.08,1552.06,3570.79,1210.38,36.81,1200.72,401.1,98.92,222.02,1460.94
arabiensis_barcode75,arabiensis,2697.49,6116.23,12675.47,3483.75,396.69,3821.33,2478.1,481.81,810.19,7382.79
arabiensis_barcode05,arabiensis,3280.86,1574.38,14047.81,6309.91,429.59,8422.38,2324.28,532.12,6147.38,2884.21
arabiensis_barcode77,arabiensis,39.73,29.29,61.09,43.55,6.15,19.7,3.84,9.42,18.68,62.92
arabiensis_barcode25,arabiensis,1253.71,2065.6,4027.98,1189.94,64.37,1968.76,675.37,158.69,275.29,1864.17
arabiensis_barcode49,arabiensis,81.48,94.2,844.81,75.02,52.76,93.47,20.52,19.52,225.15,606.74
arabiensis_barcode66,arabiensis,2697.49,6116.23,12675.47,3483.75,396.69,3821.33,2478.1,481.81,810.19,7382.79
arabiensis_barcode63,arabiensis,51187.38,81556.57,195964.84,52514.06,4376.9,93274.21,37179.76,6974.87,14791.85,109371.05
arabiensis_barcode27,arabiensis,4866.05,5069.55,15260.99,4383.35,418.98,7319.62,2207.22,559.02,1303.8,7286.71
arabiensis_barcode10,arabiensis,7704.28,8345.54,20605.72,2485.82,46.83,2153.93,105.85,156.59,1488.0,5925.22
arabiensis_barcode01,arabiensis,282.51,227.1,982.57,416.9,17.26,287.76,168.96,42.79,36.16,416.91
arabiensis_barcode09,arabiensis,1655.26,1141.65,7235.82,1222.64,21.45,587.04,68.71,42.4,463.94,2627.14
arabiensis_barcode56,arabiensis,466.54,663.32,1261.94,562.3,45.75,833.82,162.96,111.71,154.28,491.64
arabiensis_barcode68,arabiensis,71.41,35.39,103.09,40.72,0.46,31.16,5.43,3.11,0.92,86.98
arabiensis_barcode22,arabiensis,847.24,1002.57,3244.24,1055.57,8.41,989.7,338.65,74.82,194.4,1325.87
arabiensis_barcode19,arabiensis,920.7,1884.21,3679.12,1202.55,39.18,1100.29,492.4,95.04,211.27,1408.87
arabiensis_barcode76,arabiensis,2798.88,4198.21,11742.18,1569.67,23.16,2221.68,32.9,87.09,869.69,7776.84
arabiensis_barcode78,arabiensis,586.03,585.88,1534.21,782.86,89.55,1207.47,359.23,159.07,510.24,1039.61
arabiensis_barcode52,arabiensis,508.91,908.34,3839.01,386.74,84.77,98.07,238.35,58.94,497.47,1191.71
arabiensis_barcode55,arabiensis,4673.63,10194.27,20955.59,4841.67,512.68,5682.06,3261.69,645.75,1196.58,10119.82
arabiensis_barcode54,arabiensis,466.54,663.32,1261.94,562.3,45.75,833.82,162.96,111.71,154.28,491.64
arabiensis_barcode30,arabiensis,5646.26,11654.87,26238.05,5773.93,440.55,5515.74,3511.87,850.82,1328.82,11432.34
arabiensis_barcode31,arabiensis,2740.16,4163.73,10433.43,2498.84,305.63,2789.3,1553.92,457.28,656.38,4448.59
arabiensis_barcode79,arabiensis,397.39,387.23,1010.59,564.34,62.01,688.04,217.61,105.51,392.09,683.75
arabiensis_barcode73,arabiensis,352.56,353.96,1590.77,516.49,15.83,231.29,178.98,38.37,51.24,651.76
arabiensis_barcode06,arabiensis,0.0,0.0,0.0,0.0,0.0,0.0,0.0,0.0,0.0,0.0
arabiensis_barcode60,arabiensis,1037.65,2088.45,4777.55,1282.41,167.41,1089.32,1045.35,199.84,247.91,3040.87
arabiensis_barcode07,arabiensis,7704.28,8345.54,20605.72,2485.82,46.83,2153.93,105.85,156.59,1488.0,5925.22
arabiensis_barcode29,arabiensis,46.49,107.48,177.24,57.72,8.62,74.12,37.0,11.53,23.23,132.24
arabiensis_barcode58,arabiensis,2622.37,9485.35,42932.9,1635.29,1030.38,1339.42,1833.04,450.98,3604.63,21108.98
arabiensis_barcode39,arabiensis,436.28,640.22,1375.39,580.14,28.28,598.12,256.11,58.54,126.34,624.34
arabiensis_barcode61,arabiensis,383.69,1214.55,4830.01,239.88,178.77,131.92,231.72,122.56,471.81,2744.38
arabiensis_barcode24,arabiensis,2337.56,2396.46,5516.72,2264.43,58.62,2777.21,682.11,202.95,453.82,3045.7
arabiensis_barcode12,arabiensis,1031.94,1268.18,3417.42,1302.8,54.61,1557.33,605.63,107.69,227.76,1241.67
arabiensis_barcode43,arabiensis,19502.71,39175.1,78170.94,12254.47,935.51,20651.1,9103.6,1730.37,3746.9,43954.13
arabiensis_barcode46,arabiensis,983.07,2017.15,4447.19,1270.42,172.74,1031.48,885.4,177.39,233.75,2767.11
arabiensis_barcode18,arabiensis,655.16,624.67,1664.13,1074.88,106.92,1050.58,380.57,229.58,523.59,1071.77
arabiensis_barcode72,arabiensis,8096.67,18760.13,37659.57,6997.34,583.55,10024.92,4284.1,912.73,1796.26,16572.93
arabiensis_barcode34,arabiensis,4965.05,517.81,9158.76,3258.67,13.84,231.78,24.98,28.39,443.14,2866.48
arabiensis_barcode67,arabiensis,308.9,684.42,1447.59,413.73,33.41,423.45,186.51,57.33,75.67,754.24
arabiensis_barcode37,arabiensis,3435.67,6172.85,14815.42,3603.8,232.69,2861.12,1904.48,424.03,780.95,7267.76
arabiensis_barcode69,arabiensis,2457.24,2689.92,9406.21,3427.91,223.49,3702.34,1412.15,350.64,957.24,3472.06
arabiensis_barcode26,arabiensis,13683.43,29942.36,62201.95,10945.88,1035.58,14612.11,7432.43,1378.36,2982.62,27112.81
arabiensis_barcode50,arabiensis,6214.45,12865.18,28556.7,6098.88,670.53,7405.24,3804.33,960.7,1604.62,12808.84
arabiensis_barcode17,arabiensis,10378.43,10903.47,42052.28,13567.95,892.25,24758.24,7566.18,1005.39,4010.77,16709.64
arabiensis_barcode80,arabiensis,5491.98,11918.6,26529.85,5241.88,207.28,4149.36,1791.41,604.02,1005.87,10881.22
arabiensis_barcode28,arabiensis,6155.92,7349.51,27918.97,5604.32,1099.57,12736.72,9457.7,1878.35,2753.66,23143.68
arabiensis_barcode16,arabiensis,3300.05,13084.9,4106.94,5811.83,636.53,416.65,2132.55,1169.18,2604.08,8303.76
arabiensis_barcode13,arabiensis,5261.21,10980.22,23989.31,4836.66,481.81,5952.93,3367.97,716.86,1331.66,11537.49
arabiensis_barcode04,arabiensis,555.46,721.5,1520.94,611.34,21.75,698.73,291.72,76.35,113.67,496.6
arabiensis_barcode41,arabiensis,703.12,465.54,3273.44,961.85,40.05,1303.61,543.94,87.84,199.99,925.38
arabiensis_barcode62,arabiensis,78.61,42.22,232.59,103.87,10.32,82.92,43.68,13.72,32.36,150.5
arabiensis_barcode47,arabiensis,42.96,109.42,472.91,21.73,16.18,15.25,28.3,16.74,47.91,289.51
arabiensis_barcode70,arabiensis,8553.88,16190.38,35272.74,8179.82,549.45,9523.91,3995.1,1101.26,1795.03,16396.11
arabiensis_barcode02,arabiensis,1538.79,1687.33,5500.54,1624.16,78.81,2320.55,808.35,140.63,301.19,1940.59
arabiensis_barcode15,arabiensis,753.66,926.94,1846.62,966.11,19.9,1074.98,334.35,80.1,186.48,947.38
arabiensis_barcode03,arabiensis,686.21,1006.11,2832.05,1181.61,40.8,1078.61,544.62,116.19,210.36,899.27
arabiensis_barcode59,arabiensis,6577.78,6683.13,20688.74,10544.4,424.55,10741.95,3677.88,757.13,5508.51,8157.86
arabiensis_barcode08,arabiensis,87.3,421.51,1851.25,64.4,47.71,30.12,91.06,24.17,199.81,966.02
arabiensis_barcode74,arabiensis,35.11,21.5,48.66,33.89,2.55,19.06,13.51,8.1,12.41,37.09
coluzzii_barcode17,coluzzii,14666.18,27715.13,63068.05,9655.5,979.16,17262.95,6890.68,1747.09,3202.38,25709.09
coluzzii_barcode50,coluzzii,1838.2,4027.55,8454.45,2218.59,227.77,2304.32,1393.01,304.16,521.58,4459.99
coluzzii_barcode41,coluzzii,5348.05,12472.49,24477.36,4562.87,464.51,6280.86,3390.87,752.36,1285.38,11209.84
coluzzii_barcode31,coluzzii,9849.85,23367.46,53298.75,9858.49,685.06,10797.72,6164.5,1325.66,2349.63,24428.72
coluzzii_barcode64,coluzzii,2597.93,13110.98,5816.79,6202.91,593.53,474.92,2387.41,993.4,2689.86,9865.86
coluzzii_barcode02,coluzzii,3123.55,1348.17,10271.72,6224.06,187.24,1599.94,570.04,261.62,1252.7,5251.53
coluzzii_barcode21,coluzzii,65.26,94.67,179.93,64.69,7.78,68.33,47.05,18.54,19.63,149.05
coluzzii_barcode59,coluzzii,13054.99,26876.8,64621.57,9765.8,762.96,16524.91,7748.89,1364.18,2818.79,30929.11
coluzzii_barcode43,coluzzii,230.37,283.68,699.42,179.57,22.29,195.17,142.07,42.79,74.56,388.75
coluzzii_barcode57,coluzzii,383.69,1214.55,4830.01,239.88,178.77,131.92,231.72,122.56,471.81,2744.38
coluzzii_barcode06,coluzzii,7704.28,8345.54,20605.72,2485.82,46.83,2153.93,105.85,156.59,1488.0,5925.22
coluzzii_barcode18,coluzzii,3258.65,10563.44,11923.43,4282.91,567.51,2094.55,1790.03,786.11,1809.29,6559.06
coluzzii_barcode42,coluzzii,5759.94,12241.73,25399.32,5664.47,556.56,7871.34,3510.31,814.24,1537.37,10956.81
coluzzii_barcode72,coluzzii,4815.37,11162.81,21999.23,4954.9,447.72,5339.4,3271.11,684.8,1195.58,10073.16
coluzzii_barcode38,coluzzii,7282.35,14856.77,35777.24,6973.37,900.86,11152.36,5021.68,1233.73,1641.12,18746.26
coluzzii_barcode65,coluzzii,8553.88,16190.38,35272.74,8179.82,549.45,9523.91,3995.1,1101.26,1795.03,16396.11
coluzzii_barcode23,coluzzii,13683.43,29942.36,62201.95,10945.88,1035.58,14612.11,7432.43,1378.36,2982.62,27112.81
coluzzii_barcode76,coluzzii,0.0,0.0,0.94,0.0,0.0,0.0,0.0,0.0,0.0,0.0
coluzzii_barcode29,coluzzii,2944.61,5977.04,13679.11,3077.51,310.04,3785.81,2102.06,401.88,769.04,6965.61
coluzzii_barcode46,coluzzii,6053.44,13778.68,26802.07,5995.55,508.47,6801.15,3813.88,719.04,1540.47,13517.27
coluzzii_barcode34,coluzzii,3435.67,6172.85,14815.42,3603.8,232.69,2861.12,1904.48,424.03,780.95,7267.76
coluzzii_barcode33,coluzzii,4755.63,10373.32,22403.97,4783.49,529.64,5879.15,3327.02,676.62,1152.95,10559.28
coluzzii_barcode25,coluzzii,6155.92,7349.51,27918.97,5604.32,1099.57,12736.72,9457.7,1878.35,2753.66,23143.68
coluzzii_barcode12,coluzzii,1973.74,379.29,5851.42,2356.35,54.82,184.12,111.87,64.74,92.74,2831.5
coluzzii_barcode20,coluzzii,7048.89,13589.62,31534.63,6884.85,707.44,8702.45,3960.47,983.11,1861.2,13554.95
coluzzii_barcode58,coluzzii,7458.25,18203.99,33602.97,7250.42,608.62,9707.34,3790.89,918.59,1823.69,15636.39
coluzzii_barcode70,coluzzii,2173.03,4869.14,10219.67,2676.15,284.75,3310.78,1687.68,348.48,599.29,5345.66
coluzzii_barcode54,coluzzii,3905.3,5703.0,17447.9,4017.91,416.34,4837.1,2677.67,686.51,970.21,8686.35
coluzzii_barcode22,coluzzii,5253.41,2514.56,4378.39,1053.29,118.52,1965.21,226.47,118.33,776.23,1875.77
coluzzii_barcode51,coluzzii,4673.63,10194.27,20955.59,4841.67,512.68,5682.06,3261.69,645.75,1196.58,10119.82
coluzzii_barcode71,coluzzii,11168.77,22922.62,44481.22,9323.41,785.32,16096.94,5601.81,1077.89,2346.48,18965.58
coluzzii_barcode68,coluzzii,2697.49,6116.23,12675.47,3483.75,396.69,3821.33,2478.1,481.81,810.19,7382.79
coluzzii_barcode49,coluzzii,2633.72,5752.46,13097.95,3236.4,338.08,3039.42,2127.29,455.72,763.32,6521.35
coluzzii_barcode08,coluzzii,6710.17,14065.84,31363.95,5884.65,564.33,7844.13,3762.74,869.87,1598.59,13517.13
coluzzii_barcode04,coluzzii,7657.22,6578.45,21866.74,13974.58,400.74,9317.53,3001.17,1085.17,14948.89,13873.19
coluzzii_barcode69,coluzzii,3383.59,7299.35,16201.77,3903.11,381.17,4012.92,2550.93,550.81,968.92,7828.25
coluzzii_barcode24,coluzzii,23893.63,45785.75,104390.65,15558.4,1288.11,25798.95,14000.56,1968.94,4378.98,49825.33
coluzzii_barcode39,coluzzii,80.96,171.22,350.28,109.73,15.07,116.89,78.89,13.59,33.47,229.06
coluzzii_barcode45,coluzzii,7221.35,16178.54,34444.9,6558.91,641.27,8758.53,4546.52,820.88,1771.7,15508.9
coluzzii_barcode75,coluzzii,0.0,0.0,0.64,0.0,0.0,0.0,0.96,0.0,0.0,0.0
coluzzii_barcode10,coluzzii,15748.45,7651.73,21769.83,3273.87,233.8,4852.54,349.78,309.92,3033.44,11897.52
coluzzii_barcode35,coluzzii,1485.52,3160.72,7265.19,1847.87,257.86,1878.7,1284.26,269.84,405.0,4285.27
coluzzii_barcode55,coluzzii,4509.41,10176.44,16863.26,4594.85,351.41,5152.41,2870.87,631.27,1148.45,9554.3
coluzzii_barcode13,coluzzii,8101.03,15973.0,36112.43,7093.53,470.19,5954.22,3316.84,916.97,1521.04,14952.71
coluzzii_barcode15,coluzzii,3499.78,7400.41,18060.21,4305.35,718.13,4071.41,2860.8,815.87,1195.57,8359.11
coluzzii_barcode77,coluzzii,0.0,0.83,0.0,0.0,0.0,0.0,0.0,0.0,0.0,0.0
coluzzii_barcode07,coluzzii,5491.98,11918.6,26529.85,5241.88,207.28,4149.36,1791.41,604.02,1005.87,10881.22
coluzzii_barcode30,coluzzii,76.31,127.16,269.84,96.89,20.09,70.17,59.93,12.81,35.16,182.01
coluzzii_barcode03,coluzzii,1000.65,1898.1,4031.84,1075.59,95.31,1187.32,667.87,129.63,226.14,2039.98
coluzzii_barcode47,coluzzii,6214.45,12865.18,28556.7,6098.88,670.53,7405.24,3804.33,960.7,1604.62,12808.84
coluzzii_barcode26,coluzzii,46.49,107.48,177.24,57.72,8.62,74.12,37.0,11.53,23.23,132.24
coluzzii_barcode09,coluzzii,5261.21,10980.22,23989.31,4836.66,481.81,5952.93,3367.97,716.86,1331.66,11537.49
coluzzii_barcode37,coluzzii,893.13,1527.96,3545.16,1081.74,122.23,901.16,712.57,175.98,261.09,2062.71
coluzzii_barcode48,coluzzii,3469.91,8256.59,16940.26,3959.24,424.93,3836.57,2506.43,542.09,970.85,8432.42
coluzzii_barcode80,coluzzii,0.0,0.0,0.0,0.0,0.0,0.0,0.0,0.0,0.0,0.0
coluzzii_barcode28,coluzzii,2740.16,4163.73,10433.43,2498.84,305.63,2789.3,1553.92,457.28,656.38,4448.59
coluzzii_barcode52,coluzzii,7704.28,8345.54,20605.72,2485.82,46.83,2153.93,105.85,156.59,1488.0,5925.22
coluzzii_barcode66,coluzzii,8096.67,18760.13,37659.57,6997.34,583.55,10024.92,4284.1,912.73,1796.26,16572.93
coluzzii_barcode11,coluzzii,3300.05,13084.9,4106.94,5811.83,636.53,416.65,2132.55,1169.18,2604.08,8303.76
coluzzii_barcode56,coluzzii,1171.22,2378.69,4925.7,1438.27,174.4,1497.5,883.77,212.54,325.55,2666.04
coluzzii_barcode61,coluzzii,3089.36,7452.41,15887.9,3647.92,368.15,4203.52,1881.86,457.67,792.81,7882.77
coluzzii_barcode79,coluzzii,0.0,0.95,0.0,0.0,0.0,1.95,0.97,0.0,0.0,0.0
coluzzii_barcode36,coluzzii,1090.27,2463.75,4907.58,1459.0,255.84,1844.23,1013.1,246.37,329.3,2689.68
coluzzii_barcode73,coluzzii,268.16,105.13,199.75,527.59,21.11,339.87,54.02,57.49,91.43,665.97
coluzzii_barcode16,coluzzii,3252.16,6140.59,15421.17,3280.65,497.75,4257.75,2329.5,660.52,1021.68,6119.17
coluzzii_barcode19,coluzzii,6810.98,13195.53,28514.43,6010.83,630.24,7176.2,3546.97,963.63,1635.96,11772.21
coluzzii_barcode67,coluzzii,1037.65,2088.45,4777.55,1282.41,167.41,1089.32,1045.35,199.84,247.91,3040.87
coluzzii_barcode05,coluzzii,7704.28,8345.54,20605.72,2485.82,46.83,2153.93,105.85,156.59,1488.0,5925.22
coluzzii_barcode01,coluzzii,1538.79,1687.33,5500.54,1624.16,78.81,2320.55,808.35,140.63,301.19,1940.59
coluzzii_barcode40,coluzzii,19502.71,39175.1,78170.94,12254.47,935.51,20651.1,9103.6,1730.37,3746.9,43954.13
coluzzii_barcode62,coluzzii,2631.39,4940.95,13859.77,3352.5,344.61,2899.57,2080.39,499.52,766.96,6837.88
coluzzii_barcode32,coluzzii,9649.05,12863.92,43543.92,7087.87,1291.84,18089.16,12538.23,2353.28,3963.91,38087.62
coluzzii_barcode74,coluzzii,0.0,0.0,0.0,0.0,0.0,0.98,0.0,0.0,0.0,0.0
coluzzii_barcode53,coluzzii,4487.83,9056.2,20081.29,4803.95,535.53,5716.14,3049.95,693.06,1251.38,9572.88
coluzzii_barcode27,coluzzii,5646.26,11654.87,26238.05,5773.93,440.55,5515.74,3511.87,850.82,1328.82,11432.34
coluzzii_barcode78,coluzzii,0.0,0.97,0.0,0.0,0.0,0.0,0.0,0.0,0.0,0.0
coluzzii_barcode63,coluzzii,6739.05,15157.29,31471.06,6645.07,379.82,7134.03,3579.05,778.48,1445.87,14789.12
coluzzii_barcode60,coluzzii,7553.09,16220.08,32887.48,6619.73,627.33,9180.62,4142.3,912.33,1810.9,14739.44
coluzzii_barcode14,coluzzii,3949.78,7736.96,18177.31,3725.77,517.42,4137.14,2688.1,712.71,1081.86,8235.3
coluzzii_barcode44,coluzzii,983.07,2017.15,4447.19,1270.42,172.74,1031.48,885.4,177.39,233.75,2767.11
coustani_barcode32,coustani,391.74,199.29,725.97,525.83,18.71,83.8,55.51,21.81,108.8,1260.37
coustani_barcode25,coustani,3954.6,1750.87,6983.61,2018.4,39.05,1185.12,49.48,70.87,624.89,2226.39
coustani_barcode62,coustani,269.44,182.19,474.34,229.48,20.35,67.79,53.81,28.27,105.29,338.16
coustani_barcode73,coustani,156.24,117.15,265.55,168.0,8.85,42.41,32.14,13.95,52.12,224.7
coustani_barcode40,coustani,1424.21,2330.81,5231.41,913.43,66.06,829.6,273.8,107.04,463.2,2723.85
coustani_barcode21,coustani,5253.41,2514.56,4378.39,1053.29,118.52,1965.21,226.47,118.33,776.23,1875.77
coustani_barcode67,coustani,342.87,151.22,1193.0,333.44,9.61,46.22,23.02,12.14,65.73,437.68
coustani_barcode39,coustani,250.71,133.15,480.17,213.86,9.72,87.71,22.62,10.57,59.61,312.17
coustani_barcode28,coustani,2906.99,2469.47,13650.46,2408.79,48.1,2363.65,138.58,85.67,438.3,3356.48
coustani_barcode52,coustani,2265.39,728.69,5952.68,831.58,65.51,779.73,303.9,77.75,586.84,1024.97
coustani_barcode68,coustani,2983.16,2395.58,8456.12,1477.67,21.58,618.29,71.32,41.33,469.44,3738.25
coustani_barcode08,coustani,259.02,135.77,456.14,215.02,10.1,97.39,21.49,16.06,99.94,269.23
coustani_barcode02,coustani,13064.15,7261.71,28684.57,3220.2,443.24,4785.44,622.31,347.9,2657.67,7857.75
coustani_barcode80,coustani,228.08,43.22,797.74,266.2,4.8,45.81,5.11,5.3,30.58,321.99
coustani_barcode12,coustani,551.68,255.09,1442.24,636.24,16.45,105.06,40.96,25.19,143.83,577.12
coustani_barcode74,coustani,2798.88,4198.21,11742.18,1569.67,23.16,2221.68,32.9,87.09,869.69,7776.84
coustani_barcode76,coustani,6798.05,2832.75,24750.13,3499.62,31.46,1425.49,63.56,39.99,673.33,7083.35
coustani_barcode17,coustani,213.95,142.29,303.55,195.46,13.45,54.82,37.36,14.27,70.08,222.63
coustani_barcode54,coustani,6958.97,3293.15,10331.34,1914.7,65.48,2394.19,90.05,117.59,960.17,5671.96
coustani_barcode05,coustani,2044.46,619.57,10700.21,1915.55,21.93,541.8,35.33,28.88,451.17,2903.73
coustani_barcode49,coustani,2154.67,1229.38,8252.63,1645.75,32.14,540.85,72.7,45.03,537.78,2497.78
coustani_barcode69,coustani,109.86,69.54,299.48,102.65,7.16,42.56,8.3,4.39,43.99,167.08
coustani_barcode60,coustani,385.84,144.91,814.27,370.39,5.98,80.32,34.61,18.54,93.31,400.62
coustani_barcode27,coustani,8135.43,9686.53,24367.84,4374.54,279.62,6177.09,817.99,250.39,1938.35,7994.92
coustani_barcode77,coustani,196.02,126.93,528.03,227.09,8.67,80.27,9.06,2.95,48.98,284.05
coustani_barcode36,coustani,1979.67,2027.25,4968.05,1337.25,37.15,690.57,97.46,66.1,821.92,3207.91
coustani_barcode29,coustani,340.37,149.83,626.19,250.34,8.96,71.81,23.1,10.8,57.81,532.58
coustani_barcode16,coustani,5314.44,3277.86,22961.31,3049.89,153.8,1380.55,411.38,120.57,1267.97,4316.57
coustani_barcode06,coustani,4540.25,1979.99,15631.66,3253.41,43.92,1424.04,92.59,47.03,855.66,4329.13
coustani_barcode71,coustani,256.93,179.34,409.74,212.73,8.79,83.85,35.07,19.12,90.62,311.29
coustani_barcode57,coustani,1313.22,425.92,2926.93,646.88,11.92,181.92,24.35,14.36,206.09,1236.22
coustani_barcode84,coustani,0.0,0.0,0.94,0.0,0.0,0.0,0.0,0.0,0.0,0.0
coustani_barcode03,coustani,5346.5,7104.26,26117.31,3517.33,113.56,3127.67,289.79,109.32,1863.44,12993.09
coustani_barcode01,coustani,238.47,132.94,430.76,218.86,12.05,83.96,31.36,18.08,81.3,258.99
coustani_barcode19,coustani,1501.82,353.02,3379.53,1142.54,12.53,279.66,50.62,19.99,207.54,808.93
coustani_barcode43,coustani,6814.9,1970.2,8459.27,1891.7,20.04,475.72,51.89,51.4,663.69,3305.74
coustani_barcode61,coustani,2601.15,2797.54,9972.15,1437.59,40.1,1426.73,94.5,56.95,622.42,4082.17
coustani_barcode14,coustani,8712.38,7204.42,18614.25,4248.07,348.0,2484.67,643.52,157.5,2375.64,4368.79
coustani_barcode31,coustani,253.79,146.28,396.72,209.73,6.16,96.12,46.38,13.81,78.82,289.92
coustani_barcode53,coustani,2816.84,3062.98,13983.14,2273.33,61.27,1861.46,208.44,120.45,928.15,6793.17
coustani_barcode09,coustani,4774.76,8291.08,17174.33,2777.47,216.56,2752.31,809.43,225.1,1364.42,5991.22
coustani_barcode10,coustani,1915.51,685.4,7946.23,1800.26,34.37,603.48,49.96,26.86,527.71,2238.27
coustani_barcode38,coustani,425.13,320.26,619.73,381.24,22.86,152.14,62.39,36.64,163.21,432.97
coustani_barcode75,coustani,348.56,303.39,852.49,227.25,15.47,144.37,68.47,27.84,121.01,519.07
coustani_barcode63,coustani,247.55,198.05,424.93,223.02,10.98,54.02,59.76,22.27,77.79,342.63
coustani_barcode70,coustani,3897.06,4231.38,11874.42,1643.19,76.84,1641.13,107.33,114.45,777.41,4221.26
coustani_barcode64,coustani,178.01,115.46,345.6,170.43,10.01,53.0,39.13,10.96,68.42,257.98
coustani_barcode20,coustani,746.31,173.32,1002.37,532.07,11.41,97.97,39.21,17.17,131.01,463.07
coustani_barcode58,coustani,27212.8,1258.34,27883.65,9221.31,629.8,15268.46,2073.0,483.58,5406.93,613.41
coustani_barcode34,coustani,1068.89,769.78,5848.75,972.16,23.6,651.04,47.45,38.28,324.13,1820.4
coustani_barcode47,coustani,1402.19,226.73,2489.72,755.3,16.72,112.19,39.34,17.72,97.22,648.68
coustani_barcode44,coustani,1288.99,757.55,5145.56,832.11,23.15,331.93,66.56,44.51,339.52,1564.24
coustani_barcode15,coustani,966.48,266.2,3923.05,1090.44,27.51,198.42,22.7,18.06,271.21,1361.71
coustani_barcode45,coustani,3327.12,2978.09,10066.48,971.36,105.26,2372.91,252.83,165.75,1047.52,2758.71
coustani_barcode48,coustani,3655.89,3266.55,10910.52,2065.28,118.3,2834.12,259.72,149.97,970.58,4252.93
coustani_barcode72,coustani,1655.26,1141.65,7235.82,1222.64,21.45,587.04,68.71,42.4,463.94,2627.14
coustani_barcode13,coustani,185.29,85.67,345.93,127.85,10.82,81.54,8.34,8.66,49.14,275.72
coustani_barcode79,coustani,12184.03,5745.79,14133.1,3542.21,59.88,2011.64,49.12,94.79,1297.81,9039.8
coustani_barcode35,coustani,284.86,184.47,442.83,262.99,13.06,86.29,52.01,18.47,84.49,375.05
coustani_barcode11,coustani,4119.23,3314.0,12668.57,1467.54,52.62,3651.44,142.09,70.0,955.31,3685.08
coustani_barcode46,coustani,4811.13,4262.97,13948.57,2540.91,155.24,1633.86,398.44,184.17,1261.42,6779.57
coustani_barcode07,coustani,4305.63,1447.21,11978.65,2307.19,146.95,2403.86,468.32,80.42,1218.53,1487.89
coustani_barcode37,coustani,2882.7,1228.31,5230.52,1444.73,20.43,361.24,50.27,50.21,413.13,1938.31
coustani_barcode18,coustani,556.74,223.03,1288.77,499.22,14.93,81.93,41.58,8.23,118.56,593.53
coustani_barcode23,coustani,1088.34,485.85,4217.52,955.31,22.32,213.77,59.19,29.82,207.12,1412.82
coustani_barcode50,coustani,263.9,169.03,462.23,220.24,14.58,64.33,37.25,15.23,88.38,338.71
coustani_barcode04,coustani,15748.45,7651.73,21769.83,3273.87,233.8,4852.54,349.78,309.92,3033.44,11897.52
coustani_barcode51,coustani,1048.76,1314.69,3465.53,517.16,23.84,246.58,53.75,30.76,211.74,902.98
coustani_barcode59,coustani,2455.23,485.18,9062.08,1068.33,19.32,186.18,53.98,25.95,233.0,1893.85
coustani_barcode41,coustani,282.4,173.94,524.27,248.75,13.5,115.62,33.09,22.04,103.45,309.42
coustani_barcode78,coustani,9761.12,5043.62,26528.86,5053.18,272.64,5714.84,847.78,280.1,2251.91,5823.19
coustani_barcode26,coustani,8313.87,10135.85,28537.39,3893.19,210.4,7514.44,429.76,332.64,2079.18,12557.71
coustani_barcode30,coustani,202.87,148.87,338.63,200.83,12.08,59.33,38.17,14.17,59.68,271.34
coustani_barcode22,coustani,276.74,222.4,520.87,249.9,10.86,101.17,49.31,15.49,90.62,365.49
coustani_barcode95,coustani,0.0,0.0,0.0,0.0,0.0,0.0,0.0,0.0,0.0,0.0
coustani_barcode42,coustani,1074.3,270.46,3012.53,705.53,8.28,266.74,25.8,24.0,232.73,784.81
coustani_barcode56,coustani,7704.28,8345.54,20605.72,2485.82,46.83,2153.93,105.85,156.59,1488.0,5925.22
coustani_barcode66,coustani,4965.05,517.81,9158.76,3258.67,13.84,231.78,24.98,28.39,443.14,2866.48
coustani_barcode24,coustani,234.88,133.41,476.85,337.52,6.74,82.84,37.96,11.12,66.71,329.27
coustani_barcode33,coustani,3080.54,1383.28,5640.58,1156.95,17.42,491.34,34.19,32.68,444.29,2304.99
coustani_barcode55,coustani,3198.63,2793.75,14686.57,2034.45,87.3,1754.44,154.06,106.38,971.71,5714.25
coustani_barcode65,coustani,3584.29,2185.56,15377.3,2965.64,28.67,1359.52,49.57,47.61,752.88,5121.1
funestus_barcode57,funestus,15748.45,7651.73,21769.83,3273.87,233.8,4852.54,349.78,309.92,3033.44,11897.52
funestus_barcode06,funestus,87.3,421.51,1851.25,64.4,47.71,30.12,91.06,24.17,199.81,966.02
funestus_barcode73,funestus,1697.31,6533.46,27116.03,1975.29,444.64,1320.7,932.28,238.73,1988.89,15378.7
funestus_barcode71,funestus,2154.67,1229.38,8252.63,1645.75,32.14,540.85,72.7,45.03,537.78,2497.78
funestus_barcode46,funestus,216.5,468.65,2697.76,23.9,42.26,16.41,95.55,29.59,267.87,1274.24
funestus_barcode49,funestus,22.99,18.6,118.09,23.96,13.59,9.23,19.34,8.07,38.61,92.62
funestus_barcode20,funestus,477.14,1267.5,4448.29,125.23,122.64,86.62,259.57,86.42,460.89,2565.05
funestus_barcode80,funestus,9761.12,5043.62,26528.86,5053.18,272.64,5714.84,847.78,280.1,2251.91,5823.19
funestus_barcode56,funestus,5346.5,7104.26,26117.31,3517.33,113.56,3127.67,289.79,109.32,1863.44,12993.09
funestus_barcode35,funestus,3012.42,1910.96,3381.31,1969.21,274.29,2148.22,1157.91,543.35,658.57,3143.5
funestus_barcode19,funestus,477.14,1267.5,4448.29,125.23,122.64,86.62,259.57,86.42,460.89,2565.05
funestus_barcode23,funestus,2154.67,1229.38,8252.63,1645.75,32.14,540.85,72.7,45.03,537.78,2497.78
funestus_barcode16,funestus,1288.99,757.55,5145.56,832.11,23.15,331.93,66.56,44.51,339.52,1564.24
funestus_barcode38,funestus,351.84,695.92,1293.53,322.32,20.19,170.14,95.85,38.91,205.16,957.71
funestus_barcode11,funestus,224.36,384.79,1221.47,331.01,37.42,259.98,162.35,30.34,111.23,722.91
funestus_barcode13,funestus,1979.67,2027.25,4968.05,1337.25,37.15,690.57,97.46,66.1,821.92,3207.91
funestus_barcode78,funestus,971.93,2469.09,9815.41,429.02,268.69,243.03,843.38,257.78,719.02,4617.91
funestus_barcode01,funestus,4811.13,4262.97,13948.57,2540.91,155.24,1633.86,398.44,184.17,1261.42,6779.57
funestus_barcode39,funestus,94.18,190.28,414.04,126.57,10.49,55.44,40.32,12.34,62.37,279.89
funestus_barcode05,funestus,87.3,421.51,1851.25,64.4,47.71,30.12,91.06,24.17,199.81,966.02
funestus_barcode04,funestus,966.48,266.2,3923.05,1090.44,27.51,198.42,22.7,18.06,271.21,1361.71
funestus_barcode53,funestus,9761.12,5043.62,26528.86,5053.18,272.64,5714.84,847.78,280.1,2251.91,5823.19
funestus_barcode60,funestus,850.35,929.24,3637.06,393.28,167.84,283.88,254.98,103.45,508.24,2364.6
funestus_barcode40,funestus,338.35,1229.9,4378.09,175.17,67.93,141.76,122.8,33.44,412.71,2307.87
funestus_barcode33,funestus,3198.63,2793.75,14686.57,2034.45,87.3,1754.44,154.06,106.38,971.71,5714.25
funestus_barcode03,funestus,966.48,266.2,3923.05,1090.44,27.51,198.42,22.7,18.06,271.21,1361.71
funestus_barcode18,funestus,344.02,783.14,2388.38,416.63,63.6,373.48,172.89,60.15,222.37,1258.17
funestus_barcode74,funestus,3198.63,2793.75,14686.57,2034.45,87.3,1754.44,154.06,106.38,971.71,5714.25
funestus_barcode09,funestus,248.19,726.77,3295.84,178.19,104.66,133.43,191.68,41.49,374.48,1731.46
funestus_barcode76,funestus,2601.15,2797.54,9972.15,1437.59,40.1,1426.73,94.5,56.95,622.42,4082.17
funestus_barcode37,funestus,478.38,1918.55,7370.51,199.21,132.91,89.75,236.44,53.47,736.37,3533.42
funestus_barcode02,funestus,2601.15,2797.54,9972.15,1437.59,40.1,1426.73,94.5,56.95,622.42,4082.17
funestus_barcode12,funestus,224.36,384.79,1221.47,331.01,37.42,259.98,162.35,30.34,111.23,722.91
funestus_barcode79,funestus,1655.26,1141.65,7235.82,1222.64,21.45,587.04,68.71,42.4,463.94,2627.14
funestus_barcode48,funestus,112.52,225.83,854.37,48.48,24.12,25.92,94.58,12.71,83.91,461.75
funestus_barcode72,funestus,1048.76,1314.69,3465.53,517.16,23.84,246.58,53.75,30.76,211.74,902.98
funestus_barcode25,funestus,282.03,767.98,3004.84,259.72,45.29,85.76,158.4,32.23,336.38,1081.22
funestus_barcode42,funestus,42.96,109.42,472.91,21.73,16.18,15.25,28.3,16.74,47.91,289.51
funestus_barcode31,funestus,141.37,540.79,2216.99,196.97,44.92,138.3,95.29,24.37,244.31,1325.87
funestus_barcode34,funestus,3198.63,2793.75,14686.57,2034.45,87.3,1754.44,154.06,106.38,971.71,5714.25
funestus_barcode36,funestus,537.68,439.12,2515.97,521.23,37.39,305.72,232.03,51.76,402.7,686.86
funestus_barcode29,funestus,4211.31,2223.43,9570.75,6600.5,214.57,5815.11,1209.64,390.0,1331.06,3596.83
funestus_barcode70,funestus,5096.06,17237.26,64942.78,1407.49,1300.96,1168.2,3052.93,884.64,5094.35,33434.21
funestus_barcode58,funestus,2507.58,8133.63,28730.31,1252.38,620.48,617.04,1758.59,355.61,2563.5,15005.91
funestus_barcode32,funestus,141.37,540.79,2216.99,196.97,44.92,138.3,95.29,24.37,244.31,1325.87
funestus_barcode26,funestus,1048.76,1314.69,3465.53,517.16,23.84,246.58,53.75,30.76,211.74,902.98
funestus_barcode69,funestus,3883.31,9036.78,29178.99,3796.86,624.23,3905.17,1781.84,558.22,2275.2,15296.63
funestus_barcode30,funestus,826.02,1369.49,3081.23,761.65,82.83,758.89,353.29,54.48,543.6,2012.96
funestus_barcode45,funestus,2457.24,2689.92,9406.21,3427.91,223.49,3702.34,1412.15,350.64,957.24,3472.06
funestus_barcode66,funestus,2089.63,4095.14,14062.53,2687.02,372.55,2511.18,1281.79,302.37,1021.24,7731.48
funestus_barcode77,funestus,1478.19,5159.07,19247.88,1475.25,546.69,1201.15,1016.04,268.21,1702.04,11963.05
funestus_barcode41,funestus,42.96,109.42,472.91,21.73,16.18,15.25,28.3,16.74,47.91,289.51
funestus_barcode68,funestus,1288.99,757.55,5145.56,832.11,23.15,331.93,66.56,44.51,339.52,1564.24
funestus_barcode55,funestus,13064.15,7261.71,28684.57,3220.2,443.24,4785.44,622.31,347.9,2657.67,7857.75
funestus_barcode15,funestus,1288.99,757.55,5145.56,832.11,23.15,331.93,66.56,44.51,339.52,1564.24
funestus_barcode65,funestus,2622.37,9485.35,42932.9,1635.29,1030.38,1339.42,1833.04,450.98,3604.63,21108.98
funestus_barcode63,funestus,917.97,5134.93,22137.47,581.15,516.34,315.63,882.93,243.41,1859.25,10995.48
funestus_barcode59,funestus,4775.17,8164.8,23959.98,3944.49,630.58,4037.07,1844.82,611.27,2378.95,11057.95
funestus_barcode51,funestus,1655.26,1141.65,7235.82,1222.64,21.45,587.04,68.71,42.4,463.94,2627.14
funestus_barcode14,funestus,1979.67,2027.25,4968.05,1337.25,37.15,690.57,97.46,66.1,821.92,3207.91
funestus_barcode07,funestus,1501.82,353.02,3379.53,1142.54,12.53,279.66,50.62,19.99,207.54,808.93
funestus_barcode22,funestus,2154.67,1229.38,8252.63,1645.75,32.14,540.85,72.7,45.03,537.78,2497.78
funestus_barcode43,funestus,149.13,433.72,1540.87,149.47,48.82,105.33,98.9,31.27,175.4,1056.85
funestus_barcode64,funestus,1501.82,353.02,3379.53,1142.54,12.53,279.66,50.62,19.99,207.54,808.93
funestus_barcode47,funestus,81.48,94.2,844.81,75.02,52.76,93.47,20.52,19.52,225.15,606.74
funestus_barcode75,funestus,7704.28,8345.54,20605.72,2485.82,46.83,2153.93,105.85,156.59,1488.0,5925.22
funestus_barcode17,funestus,344.02,783.14,2388.38,416.63,63.6,373.48,172.89,60.15,222.37,1258.17
funestus_barcode54,funestus,9761.12,5043.62,26528.86,5053.18,272.64,5714.84,847.78,280.1,2251.91,5823.19
funestus_barcode61,funestus,966.48,266.2,3923.05,1090.44,27.51,198.42,22.7,18.06,271.21,1361.71
funestus_barcode28,funestus,318.91,404.5,1410.68,356.34,31.22,272.91,111.56,40.52,267.83,760.12
funestus_barcode10,funestus,248.19,726.77,3295.84,178.19,104.66,133.43,191.68,41.49,374.48,1731.46
funestus_barcode24,funestus,766.61,1240.12,5569.43,613.5,123.21,323.9,411.37,107.48,700.51,1957.91
funestus_barcode67,funestus,1979.67,2027.25,4968.05,1337.25,37.15,690.57,97.46,66.1,821.92,3207.91
funestus_barcode21,funestus,297.01,505.07,2558.13,295.72,40.36,103.65,143.79,36.7,363.15,1072.99
funestus_barcode62,funestus,1057.29,3577.85,15765.1,472.14,310.71,315.38,781.52,172.51,1292.13,7897.5
funestus_barcode27,funestus,1048.76,1314.69,3465.53,517.16,23.84,246.58,53.75,30.76,211.74,902.98
funestus_barcode52,funestus,803.29,951.61,5910.65,77.71,115.18,36.76,416.93,79.12,688.89,2597.65
funestus_barcode44,funestus,230.15,1138.43,2815.84,101.2,28.55,69.14,110.09,29.59,284.03,1692.36
funestus_barcode08,funestus,1501.82,353.02,3379.53,1142.54,12.53,279.66,50.62,19.99,207.54,808.93
funestus_barcode50,funestus,508.91,908.34,3839.01,386.74,84.77,98.07,238.35,58.94,497.47,1191.71
gambiae_barcode36,gambiae,702.52,1367.89,2967.98,860.02,81.14,885.48,511.37,105.7,223.14,1495.79
gambiae_barcode31,gambiae,1420.82,2698.35,5591.96,1421.5,111.17,1698.55,829.58,157.72,394.8,2504.56
gambiae_barcode38,gambiae,4965.05,517.81,9158.76,3258.67,13.84,231.78,24.98,28.39,443.14,2866.48
gambiae_barcode39,gambiae,6710.17,14065.84,31363.95,5884.65,564.33,7844.13,3762.74,869.87,1598.59,13517.13
gambiae_barcode24,gambiae,142.14,87.37,339.61,594.05,33.91,311.3,138.64,40.96,1355.07,371.1
gambiae_barcode79,gambiae,3383.59,7299.35,16201.77,3903.11,381.17,4012.92,2550.93,550.81,968.92,7828.25
gambiae_barcode40,gambiae,5261.21,10980.22,23989.31,4836.66,481.81,5952.93,3367.97,716.86,1331.66,11537.49
gambiae_barcode61,gambiae,19502.71,39175.1,78170.94,12254.47,935.51,20651.1,9103.6,1730.37,3746.9,43954.13
gambiae_barcode05,gambiae,1357.1,2376.18,5467.38,1552.9,172.86,1578.55,850.28,198.4,382.06,2358.74
gambiae_barcode57,gambiae,3435.67,6172.85,14815.42,3603.8,232.69,2861.12,1904.48,424.03,780.95,7267.76
gambiae_barcode51,gambiae,6155.92,7349.51,27918.97,5604.32,1099.57,12736.72,9457.7,1878.35,2753.66,23143.68
gambiae_barcode29,gambiae,1425.81,3121.65,5748.23,1563.48,115.02,1697.43,757.65,169.73,415.93,2779.75
gambiae_barcode67,gambiae,4958.65,10592.15,21232.18,5027.02,413.2,5467.7,3038.32,525.56,1095.89,10259.28
gambiae_barcode02,gambiae,555.46,721.5,1520.94,611.34,21.75,698.73,291.72,76.35,113.67,496.6
gambiae_barcode41,gambiae,3768.18,9713.01,17516.38,3785.74,399.45,6136.5,2324.75,515.54,983.56,7683.29
gambiae_barcode34,gambiae,1375.49,3053.55,6003.05,1475.91,138.08,1709.76,879.06,192.12,372.19,2651.71
gambiae_barcode66,gambiae,3469.91,8256.59,16940.26,3959.24,424.93,3836.57,2506.43,542.09,970.85,8432.42
gambiae_barcode60,gambiae,7282.35,14856.77,35777.24,6973.37,900.86,11152.36,5021.68,1233.73,1641.12,18746.26
gambiae_barcode18,gambiae,1354.75,2434.96,5822.97,1528.01,151.21,2011.83,996.41,220.07,313.92,2898.31
gambiae_barcode37,gambiae,3584.29,2185.56,15377.3,2965.64,28.67,1359.52,49.57,47.61,752.88,5121.1
gambiae_barcode45,gambiae,3252.16,6140.59,15421.17,3280.65,497.75,4257.75,2329.5,660.52,1021.68,6119.17
gambiae_barcode53,gambiae,2740.16,4163.73,10433.43,2498.84,305.63,2789.3,1553.92,457.28,656.38,4448.59
gambiae_barcode42,gambiae,1973.74,379.29,5851.42,2356.35,54.82,184.12,111.87,64.74,92.74,2831.5
gambiae_barcode17,gambiae,847.24,1002.57,3244.24,1055.57,8.41,989.7,338.65,74.82,194.4,1325.87
gambiae_barcode27,gambiae,852.54,1664.25,3662.22,1087.95,85.4,1102.46,634.44,166.09,247.8,1632.77
gambiae_barcode08,gambiae,1871.97,2005.71,5665.97,3155.9,518.38,4058.35,1488.97,904.18,1883.85,4284.53
gambiae_barcode73,gambiae,13054.99,26876.8,64621.57,9765.8,762.96,16524.91,7748.89,1364.18,2818.79,30929.11
gambiae_barcode15,gambiae,920.7,1884.21,3679.12,1202.55,39.18,1100.29,492.4,95.04,211.27,1408.87
gambiae_barcode71,gambiae,3905.3,5703.0,17447.9,4017.91,416.34,4837.1,2677.67,686.51,970.21,8686.35
gambiae_barcode74,gambiae,7553.09,16220.08,32887.48,6619.73,627.33,9180.62,4142.3,912.33,1810.9,14739.44
gambiae_barcode63,gambiae,7221.35,16178.54,34444.9,6558.91,641.27,8758.53,4546.52,820.88,1771.7,15508.9
gambiae_barcode65,gambiae,6214.45,12865.18,28556.7,6098.88,670.53,7405.24,3804.33,960.7,1604.62,12808.84
gambiae_barcode25,gambiae,2337.56,2396.46,5516.72,2264.43,58.62,2777.21,682.11,202.95,453.82,3045.7
gambiae_barcode54,gambiae,2944.61,5977.04,13679.11,3077.51,310.04,3785.81,2102.06,401.88,769.04,6965.61
gambiae_barcode78,gambiae,2697.49,6116.23,12675.47,3483.75,396.69,3821.33,2478.1,481.81,810.19,7382.79
gambiae_barcode10,gambiae,10378.43,10903.47,42052.28,13567.95,892.25,24758.24,7566.18,1005.39,4010.77,16709.64
gambiae_barcode32,gambiae,2457.24,2689.92,9406.21,3427.91,223.49,3702.34,1412.15,350.64,957.24,3472.06
gambiae_barcode09,gambiae,1031.94,1268.18,3417.42,1302.8,54.61,1557.33,605.63,107.69,227.76,1241.67
gambiae_barcode70,gambiae,4487.83,9056.2,20081.29,4803.95,535.53,5716.14,3049.95,693.06,1251.38,9572.88
gambiae_barcode75,gambiae,6739.05,15157.29,31471.06,6645.07,379.82,7134.03,3579.05,778.48,1445.87,14789.12
gambiae_barcode47,gambiae,6810.98,13195.53,28514.43,6010.83,630.24,7176.2,3546.97,963.63,1635.96,11772.21
gambiae_barcode80,gambiae,11168.77,22922.62,44481.22,9323.41,785.32,16096.94,5601.81,1077.89,2346.48,18965.58
gambiae_barcode72,gambiae,7458.25,18203.99,33602.97,7250.42,608.62,9707.34,3790.89,918.59,1823.69,15636.39
gambiae_barcode22,gambiae,1145.01,1991.94,4291.73,1213.39,91.62,1390.89,682.72,183.06,313.25,1873.41
gambiae_barcode49,gambiae,13683.43,29942.36,62201.95,10945.88,1035.58,14612.11,7432.43,1378.36,2982.62,27112.81
gambiae_barcode16,gambiae,3080.54,1383.28,5640.58,1156.95,17.42,491.34,34.19,32.68,444.29,2304.99
gambiae_barcode03,gambiae,32804.73,43905.2,172557.03,40741.1,913.26,34400.35,1109.06,1954.78,8276.41,37491.05
gambiae_barcode21,gambiae,12117.06,18771.62,50731.12,17169.65,807.92,22689.98,9427.86,1353.11,4321.28,22150.39
gambiae_barcode13,gambiae,1800.02,2049.01,7101.39,1393.42,242.05,3169.33,2278.11,384.12,736.95,5797.39
gambiae_barcode01,gambiae,686.21,1006.11,2832.05,1181.61,40.8,1078.61,544.62,116.19,210.36,899.27
gambiae_barcode64,gambiae,6053.44,13778.68,26802.07,5995.55,508.47,6801.15,3813.88,719.04,1540.47,13517.27
gambiae_barcode30,gambiae,12763.58,14998.84,36406.43,15119.27,714.87,20328.71,7445.7,1680.34,3641.58,17218.34
gambiae_barcode04,gambiae,18447.78,23012.1,91819.07,30852.8,1374.02,35717.34,10729.43,2234.06,8903.3,27607.39
gambiae_barcode26,gambiae,4001.22,1108.31,10466.93,6171.79,197.66,3213.92,1016.47,650.9,6929.57,2666.9
gambiae_barcode62,gambiae,5759.94,12241.73,25399.32,5664.47,556.56,7871.34,3510.31,814.24,1537.37,10956.81
gambiae_barcode14,gambiae,655.16,624.67,1664.13,1074.88,106.92,1050.58,380.57,229.58,523.59,1071.77
gambiae_barcode52,gambiae,5646.26,11654.87,26238.05,5773.93,440.55,5515.74,3511.87,850.82,1328.82,11432.34
gambiae_barcode43,gambiae,8101.03,15973.0,36112.43,7093.53,470.19,5954.22,3316.84,916.97,1521.04,14952.71
gambiae_barcode06,gambiae,1538.79,1687.33,5500.54,1624.16,78.81,2320.55,808.35,140.63,301.19,1940.59
gambiae_barcode19,gambiae,1008.08,1552.06,3570.79,1210.38,36.81,1200.72,401.1,98.92,222.02,1460.94
gambiae_barcode68,gambiae,4673.63,10194.27,20955.59,4841.67,512.68,5682.06,3261.69,645.75,1196.58,10119.82
gambiae_barcode11,gambiae,753.66,926.94,1846.62,966.11,19.9,1074.98,334.35,80.1,186.48,947.38
gambiae_barcode59,gambiae,1090.27,2463.75,4907.58,1459.0,255.84,1844.23,1013.1,246.37,329.3,2689.68
gambiae_barcode76,gambiae,8553.88,16190.38,35272.74,8179.82,549.45,9523.91,3995.1,1101.26,1795.03,16396.11
gambiae_barcode33,gambiae,4866.05,5069.55,15260.99,4383.35,418.98,7319.62,2207.22,559.02,1303.8,7286.71
gambiae_barcode56,gambiae,9649.05,12863.92,43543.92,7087.87,1291.84,18089.16,12538.23,2353.28,3963.91,38087.62
gambiae_barcode07,gambiae,2409.37,4685.64,9948.37,2356.7,203.45,2502.19,1440.57,274.03,561.59,4540.24
gambiae_barcode48,gambiae,7048.89,13589.62,31534.63,6884.85,707.44,8702.45,3960.47,983.11,1861.2,13554.95
gambiae_barcode69,gambiae,13118.56,18853.98,67835.81,9513.9,1628.63,35394.13,13672.45,2644.7,4661.26,43654.48
gambiae_barcode28,gambiae,1321.87,1990.51,3696.74,2090.49,87.9,2365.28,890.97,128.62,511.05,1978.23
gambiae_barcode46,gambiae,3258.65,10563.44,11923.43,4282.91,567.51,2094.55,1790.03,786.11,1809.29,6559.06
gambiae_barcode20,gambiae,3206.29,5613.02,10684.26,2530.48,201.05,3174.71,1524.85,334.02,623.44,5997.13
gambiae_barcode77,gambiae,1037.65,2088.45,4777.55,1282.41,167.41,1089.32,1045.35,199.84,247.91,3040.87
gambiae_barcode58,gambiae,1485.52,3160.72,7265.19,1847.87,257.86,1878.7,1284.26,269.84,405.0,4285.27
gambiae_barcode35,gambiae,585.47,1103.21,2440.26,701.37,107.7,818.86,585.69,103.56,184.35,1310.8
gambiae_barcode12,gambiae,1859.52,3729.94,8353.27,2094.96,98.73,1914.89,1189.77,228.47,441.01,4016.94
gambiae_barcode44,gambiae,3499.78,7400.41,18060.21,4305.35,718.13,4071.41,2860.8,815.87,1195.57,8359.11
gambiae_barcode50,gambiae,23893.63,45785.75,104390.65,15558.4,1288.11,25798.95,14000.56,1968.94,4378.98,49825.33
gambiae_barcode55,gambiae,9849.85,23367.46,53298.75,9858.49,685.06,10797.72,6164.5,1325.66,2349.63,24428.72
gambiae_barcode23,gambiae,1453.39,409.93,4008.92,3412.3,134.72,2331.09,407.3,217.8,7145.98,2252.4
stephensi_barcode45,stephensi,4653.24,3918.14,7707.39,5352.8,904.51,43.17,2442.03,1066.28,1928.65,10055.52
stephensi_barcode25,stephensi,2938.62,2570.71,3430.05,3265.92,408.09,19.13,1182.96,557.24,1050.9,5169.12
stephensi_barcode77,stephensi,747.28,672.15,1374.65,1005.34,143.91,8.83,349.14,148.35,262.96,1417.54
stephensi_barcode65,stephensi,3293.9,2619.5,5250.15,3923.68,590.26,25.01,1669.53,692.37,1286.34,6719.31
stephensi_barcode47,stephensi,2945.22,2776.37,4941.56,3681.99,585.17,293.98,1542.29,688.36,1262.67,6393.96
stephensi_barcode43,stephensi,3037.34,2424.44,3283.47,3626.66,577.97,12.03,1459.92,697.08,1243.23,6328.03
stephensi_barcode24,stephensi,2046.0,1637.52,2202.06,2344.44,359.84,13.04,921.02,434.15,799.98,3852.65
stephensi_barcode03,stephensi,3076.61,2657.73,4594.75,3723.64,555.84,15.14,1539.31,676.71,1334.45,6261.54
stephensi_barcode60,stephensi,2631.6,1754.72,4000.44,3266.14,472.94,38.46,1385.07,635.41,1106.47,5180.79
stephensi_barcode42,stephensi,2018.44,1589.5,2759.0,2289.95,348.26,9.8,907.06,457.25,815.1,3444.56
stephensi_barcode14,stephensi,377.98,558.87,1251.12,550.35,71.8,580.98,249.56,89.79,163.86,795.61
stephensi_barcode23,stephensi,4354.19,4258.83,4945.16,5174.64,819.74,34.42,1936.04,888.4,1756.32,9742.34
stephensi_barcode20,stephensi,3445.57,2501.83,4050.21,3744.18,751.65,17.08,1641.06,926.41,1498.89,8270.53
stephensi_barcode79,stephensi,2649.81,2045.7,5248.9,2310.87,307.93,13.55,812.87,475.27,899.45,4445.06
stephensi_barcode19,stephensi,3110.45,2548.95,4557.12,3625.15,626.5,18.26,1499.02,811.55,1187.9,6381.83
stephensi_barcode32,stephensi,4750.63,3829.9,6561.0,5143.54,806.35,46.95,2048.34,1085.33,1870.17,9562.79
stephensi_barcode26,stephensi,3646.34,3086.15,3914.31,3910.99,461.34,16.48,1236.59,662.82,1284.39,6191.12
stephensi_barcode04,stephensi,3880.55,2064.2,4146.77,4103.64,833.06,31.56,1565.37,1061.43,1679.36,6714.93
stephensi_barcode71,stephensi,4619.73,3477.59,5875.01,4846.58,604.32,12.91,1860.56,831.86,1795.19,8506.51
stephensi_barcode18,stephensi,3316.95,3381.79,3782.9,3993.21,692.31,22.13,1556.45,806.88,1571.2,7678.48
stephensi_barcode78,stephensi,6909.49,5168.23,10210.48,6481.88,1019.97,27.08,2667.27,1441.58,2437.69,11746.42
stephensi_barcode08,stephensi,1521.19,1088.97,1562.67,1696.29,286.54,8.56,547.0,364.77,560.86,2352.6
stephensi_barcode48,stephensi,3452.22,2550.52,4633.97,3990.77,706.24,28.79,1616.36,890.18,1548.42,6326.95
stephensi_barcode30,stephensi,4192.35,3385.71,6248.03,4603.7,742.29,38.94,2072.39,986.3,1548.86,9072.04
stephensi_barcode15,stephensi,29.85,38.1,33.69,62.04,11.0,1.96,14.8,11.29,17.59,77.44
stephensi_barcode13,stephensi,50.6,34.07,33.0,55.45,8.18,6.82,25.93,16.08,20.54,72.06
stephensi_barcode46,stephensi,4981.02,4390.77,5397.07,5408.09,784.62,31.76,2187.08,1047.62,2059.23,10978.58
stephensi_barcode64,stephensi,3204.59,2295.88,4912.64,3845.97,560.65,39.85,1542.07,729.03,1241.71,6429.71
stephensi_barcode41,stephensi,2702.68,1899.5,3860.73,3248.22,485.69,12.59,1274.9,589.16,1048.13,4846.4
stephensi_barcode66,stephensi,2551.43,2371.12,3857.0,3458.9,491.51,14.6,1359.38,599.26,1124.51,5851.57
stephensi_barcode72,stephensi,4409.29,3858.82,6562.68,4978.97,672.53,37.11,2080.92,895.35,1682.76,9591.29
stephensi_barcode33,stephensi,2562.63,581.81,1320.81,3342.7,422.39,11.91,787.33,539.04,1157.04,1728.06
stephensi_barcode70,stephensi,3526.02,2960.56,5441.49,4108.37,644.77,12.72,1791.79,785.61,1406.4,7743.9
stephensi_barcode38,stephensi,11083.99,8496.6,9103.67,9397.91,1251.45,854.05,2843.92,1943.9,3813.72,15597.58
stephensi_barcode61,stephensi,4758.48,4305.45,6484.61,5389.26,651.07,463.85,1910.87,862.41,1828.76,9279.29
stephensi_barcode55,stephensi,4145.3,2750.38,5887.35,4568.68,592.54,19.4,1841.48,817.12,1602.99,6823.99
stephensi_barcode57,stephensi,1629.3,1516.11,1791.08,2051.33,334.86,12.4,763.93,353.49,702.21,3546.31
stephensi_barcode67,stephensi,3279.03,3266.38,3443.45,3859.05,532.69,35.03,1362.14,657.46,1368.25,6394.92
stephensi_barcode35,stephensi,5549.98,4785.83,3895.4,6001.61,629.42,20.22,2053.17,933.47,2020.94,10268.97
stephensi_barcode36,stephensi,9585.64,9406.62,840.4,8967.31,1113.91,32.84,1646.2,1491.35,3309.0,16772.86
stephensi_barcode01,stephensi,2877.99,1178.85,2716.48,3305.53,586.88,8.77,1281.27,694.07,1121.11,2960.61
stephensi_barcode11,stephensi,3279.11,6602.39,13238.75,3966.08,672.69,5492.49,2664.88,896.61,1337.69,6973.83
stephensi_barcode40,stephensi,2566.7,2336.43,3462.09,3159.89,543.77,33.94,1539.1,719.78,1340.84,7245.23
stephensi_barcode37,stephensi,2892.87,2210.54,3747.41,3345.58,579.64,57.15,1340.39,751.63,1305.24,5925.66
stephensi_barcode39,stephensi,1887.06,1594.11,3197.12,2457.57,434.99,56.75,1022.78,440.26,859.77,4135.55
stephensi_barcode73,stephensi,2665.47,2273.11,4179.41,3244.43,507.34,22.72,1368.14,629.96,1134.93,5690.2
stephensi_barcode59,stephensi,4358.96,3988.17,6443.75,5372.37,809.01,53.13,2351.05,1015.6,1816.19,9939.58
stephensi_barcode76,stephensi,3584.59,8522.96,13253.45,3609.49,598.81,5189.13,2482.34,703.07,1269.53,7198.52
stephensi_barcode68,stephensi,4071.7,4305.82,5908.27,5047.04,823.25,33.41,2110.79,920.89,1734.04,9624.26
stephensi_barcode31,stephensi,3189.91,2594.37,4399.05,3888.31,515.44,23.34,1393.68,697.6,1239.54,5592.99
stephensi_barcode28,stephensi,2966.94,2384.82,4525.73,3496.19,497.8,27.43,1436.73,598.34,1210.79,6378.36
stephensi_barcode10,stephensi,4816.29,4780.97,394.53,5083.29,636.91,21.38,1229.03,755.21,1803.05,9312.35
stephensi_barcode53,stephensi,5635.24,4470.99,7939.71,5863.57,714.66,25.74,2076.9,952.9,1952.67,9275.38
stephensi_barcode80,stephensi,57.92,41.83,62.5,59.1,7.59,6.8,26.2,10.17,29.29,95.9
stephensi_barcode17,stephensi,3470.99,3100.54,3533.95,3841.08,503.48,20.91,1352.54,702.58,1365.73,6153.11
stephensi_barcode21,stephensi,2798.65,2335.63,2795.94,3398.91,594.15,24.48,1279.74,734.06,1260.78,5750.41
stephensi_barcode54,stephensi,4325.75,3690.53,8730.77,4763.6,610.82,1435.61,1873.82,871.76,1734.28,8583.59
stephensi_barcode52,stephensi,4502.76,3473.59,5951.42,5137.57,638.47,25.94,1972.45,853.17,1778.46,7703.61
stephensi_barcode12,stephensi,4869.62,3856.93,7788.57,5719.0,899.91,34.82,2309.47,1116.49,1919.79,9768.72
stephensi_barcode27,stephensi,2660.67,3098.88,8799.84,2786.51,443.46,3482.68,1614.0,519.12,934.42,5030.05
stephensi_barcode58,stephensi,4550.65,3742.52,6300.29,4881.74,783.37,54.63,2149.29,1046.19,1834.62,9234.41
stephensi_barcode62,stephensi,6101.45,4301.26,9271.18,6004.94,953.84,38.12,2579.72,1265.24,2253.53,11196.44
stephensi_barcode07,stephensi,3990.08,3270.64,3798.71,4184.93,586.52,30.94,1486.0,862.59,1522.43,6857.32
stephensi_barcode44,stephensi,2874.96,2549.27,4174.18,3606.74,617.45,12.81,1473.32,678.11,1226.88,6931.96
stephensi_barcode02,stephensi,893.25,599.04,1075.99,921.6,202.76,3.36,416.75,305.27,408.07,1560.2
stephensi_barcode06,stephensi,7316.91,5855.14,9608.87,7204.32,1163.99,60.4,2804.83,1624.17,2479.67,12620.98
stephensi_barcode56,stephensi,5384.14,3813.82,6854.72,5171.66,774.55,15.59,2183.85,1155.13,1988.24,9218.56
stephensi_barcode69,stephensi,421.8,450.68,710.67,717.66,105.88,5.88,226.22,121.23,215.64,1032.77
stephensi_barcode34,stephensi,1476.19,1220.11,2088.3,1971.82,287.26,9.04,725.04,343.78,627.68,2949.73
stephensi_barcode50,stephensi,2998.4,2493.23,4240.98,3938.5,601.1,35.85,1414.03,718.84,1291.9,5899.44
stephensi_barcode74,stephensi,90.27,63.93,89.5,98.85,21.14,6.83,39.14,21.42,38.38,116.79
stephensi_barcode22,stephensi,3704.51,3338.19,4171.35,4542.12,694.63,18.29,1717.39,844.16,1518.56,8292.42
stephensi_barcode09,stephensi,4119.59,2935.05,6774.19,4734.3,757.38,27.93,2049.77,954.66,1590.72,7803.79
stephensi_barcode29,stephensi,2474.64,2243.23,3644.46,3119.78,439.06,16.6,1097.27,481.33,882.72,5050.97
stephensi_barcode05,stephensi,2630.16,1788.17,3191.82,2998.59,582.71,45.47,1285.74,679.02,1156.64,5197.45
stephensi_barcode63,stephensi,5884.94,5029.74,8589.44,6305.1,941.5,36.46,2531.06,1205.84,2192.77,12055.4
stephensi_barcode51,stephensi,3257.27,3035.92,3462.14,4032.59,540.52,18.95,1421.99,660.76,1434.9,6510.62
stephensi_barcode49,stephensi,4740.56,4320.47,5686.43,5278.2,666.53,26.59,1995.51,928.42,1899.31,8921.68
stephensi_barcode75,stephensi,3004.53,2426.72,4620.57,3238.66,422.78,8.77,1361.96,573.76,1156.72,5325.08
